t;load
0;0.620956949190
1;0.549783632248
2;0.700406415941
3;0.684709570549
4;0.858984022576
5;0.974859398620
6;1.214915674802
7;0.565418413889
8;0.581881086731
9;0.516552828478
10;0.649151891808
11;0.655142557893
12;0.464059369647
13;0.604335735457
14;0.655802000681
15;0.858859157380
16;0.906631045281
17;1.008762953365
18;1.228374810080
19;0.954400451931
20;0.997874211830
21;1.202680539075
22;0.714624360427
23;0.663931491711
24;0.612855235136
25;0.621243267068
26;0.623828338580
27;0.574620459581
28;0.761028268576
29;1.147663775851
30;1.014869238348
31;0.503622590369
32;0.444499754187
33;0.518932849271
34;0.555643472271
35;0.479485934284
36;0.515712606342
37;0.564005151205
38;0.498188079265
39;0.891671408373
40;1.006970112588
41;1.159703507353
42;1.335536860918
43;1.007674309652
44;0.934771700479
45;1.023947868264
46;0.514464815086
47;0.547544560101
48;0.627960943475
49;0.645419439708
50;0.522839304390
51;0.580536989211
52;1.057354664026
53;0.980202879370
54;0.863179790069
55;0.565619087478
56;0.590764811400
57;0.593600563097
58;0.494203306995
59;0.541323540270
60;0.658547873406
61;0.580601119311
62;0.517511277012
63;0.866227639239
64;0.930378524919
65;1.036455452960
66;0.905265494255
67;1.008852607080
68;1.100522603361
69;1.202025497726
70;0.713794164647
71;0.706434497454
72;0.621146737672
73;0.509057591816
74;0.447280251051
75;0.644852482012
76;0.627107387533
77;0.738756280286
78;0.842467456939
79;0.835735130964
80;0.684819958868
81;0.575339293332
82;0.685530222802
83;0.711755490104
84;0.670971055349
85;0.550799753408
86;0.667906688231
87;0.826989906674
88;0.895200591125
89;0.919603379950
90;0.938882344923
91;1.001911574962
92;1.505532554699
93;0.886692508677
94;0.620816939782
95;0.701626444423
96;0.620079991963
97;0.565619689813
98;0.797995803861
99;0.793016663593
100;0.649120428258
101;0.996190816250
102;1.100797188591
103;0.980891402834
104;0.686501565139
105;0.873177477232
106;0.935234715618
107;0.720457227557
108;0.755577329395
109;0.776630868021
110;0.840707714722
111;0.917711418388
112;1.028455757818
113;1.210555332797
114;1.218933742734
115;0.981297723115
116;1.414707089202
117;1.268269265264
118;0.813193501762
119;0.539234754333
120;0.544093413915
121;0.607737741360
122;0.611672439482
123;0.488930183004
124;0.900374773300
125;1.027215418483
126;1.051568465075
127;0.502929298852
128;0.520223121549
129;0.559382069938
130;0.542032592252
131;0.536040532044
132;0.539966996678
133;0.593709434561
134;0.510506689169
135;0.790405214353
136;1.009836510758
137;1.168197219168
138;1.099704429915
139;1.084947141687
140;1.095336596898
141;1.051251054540
142;0.714063617824
143;0.664111286617
144;0.613443003770
145;0.631029699976
146;0.646125517076
147;0.620779943720
148;1.213516667764
149;1.283512653692
150;1.287284969707
151;0.613800490473
152;0.689734789397
153;0.608643143358
154;0.607887050730
155;0.777843967518
156;0.821560201718
157;0.673275076942
158;0.595628869889
159;1.149385219376
160;1.198185209850
161;1.134178975743
162;1.231305794814
163;1.268096976430
164;1.169982652032
165;1.206904202059
166;0.815815582343
167;0.752435548156
168;0.710087199682
169;0.618382744972
170;0.680675306831
171;0.828789282951
172;0.937976192977
173;0.949433423856
174;1.211499698329
175;0.606622671385
176;0.563100361739
177;0.536137509687
178;0.618370990429
179;0.703185284953
180;0.507447500092
181;0.577900776176
182;0.663121662239
183;1.074860079287
184;1.031493165666
185;0.964148608202
186;1.134641735646
187;1.118787983957
188;1.081388170565
189;1.203047042411
190;0.714366174610
191;0.665015308587
192;0.613492165116
193;0.625094063887
194;0.635536278568
195;0.645466302968
196;0.916339373856
197;1.203775871280
198;1.361211494981
199;0.534994019924
200;0.503102969543
201;0.635469234346
202;0.639277472589
203;0.586642202395
204;0.482356758746
205;0.599385359809
206;0.604919697893
207;0.977583761352
208;1.037335489970
209;1.089535296602
210;1.116527887012
211;1.009949350801
212;1.222224522853
213;1.129682098213
214;0.705110951683
215;0.562945185333
216;0.503798095087
217;0.715898655688
218;0.667567775097
219;0.520437315225
220;0.973623906515
221;1.253556355792
222;0.962907802747
223;0.434034062619
224;0.617534390011
225;0.641297585955
226;0.535236642039
227;0.488213111549
228;0.546470193976
229;0.587767606501
230;0.506650790784
231;0.931932778895
232;1.176183579141
233;1.157588199424
234;1.128496273593
235;1.019562521839
236;1.100239782519
237;1.201938721926
238;0.713684250799
239;0.706417905716
240;0.628774255523
241;0.566011299409
242;0.615652635654
243;0.714751806072
244;0.868702759870
245;0.913810862212
246;0.904035249436
247;1.072864212381
248;0.957640244540
249;0.745462960296
250;0.768036201873
251;0.956622827702
252;0.977942771273
253;0.839550718206
254;0.809657582641
255;1.020363291019
256;0.988356223483
257;0.964685873741
258;1.132783811753
259;1.275657594463
260;1.122239144002
261;1.074793155190
262;0.760902704687
263;0.687814592899
264;0.578456681993
265;0.533192554501
266;0.591300075587
267;0.740190776731
268;0.579380595391
269;0.792415731470
270;0.875088789654
271;0.835779140130
272;0.715284587239
273;0.741434180224
274;0.827050348844
275;0.873213137893
276;0.730040472295
277;0.748494117804
278;0.783930156992
279;0.823823195960
280;0.963888401734
281;1.040782560001
282;1.184093628944
283;0.979976812967
284;0.882861624492
285;1.042622852196
286;0.829689540845
287;0.590963798849
288;0.476450840639
289;0.588589795976
290;0.578770984946
291;0.536564906963
292;0.744190625982
293;1.010611790887
294;1.049980557668
295;0.462485003831
296;0.422285691325
297;0.497325483582
298;0.499874395833
299;0.477176680070
300;0.483484854038
301;0.597033515176
302;0.564975775046
303;0.722719630600
304;0.921424923700
305;0.908493064253
306;0.902715601966
307;0.953050726590
308;1.100552582530
309;1.202561646334
310;0.713541273313
311;0.660145699840
312;0.601032826861
313;0.700677337765
314;0.627708390026
315;0.543401854825
316;1.144470407245
317;1.261501027907
318;1.133156288105
319;0.492901167586
320;0.605422933772
321;0.590320639028
322;0.549795220127
323;0.611290837850
324;0.716139892933
325;0.660222126555
326;0.490125391757
327;1.003618366014
328;1.166138742460
329;1.223988060474
330;1.060737287202
331;1.201341605890
332;1.172018303070
333;1.224001526696
334;0.698899233423
335;0.796345489566
336;0.906221486718
337;0.649909505852
338;0.602907562613
339;0.711403067046
340;1.100224148241
341;1.103460758816
342;1.098342098284
343;0.685709719003
344;0.681284554777
345;0.596353324646
346;0.593422088397
347;0.782785484580
348;0.709507932312
349;0.622030305701
350;0.578457946579
351;1.020075162065
352;1.129853518503
353;1.073651814427
354;1.174958668653
355;1.328225244633
356;1.100739422904
357;1.202032671411
358;0.714238518371
359;0.664543089598
360;0.604628996145
361;0.628468587771
362;0.635362456946
363;0.714017767233
364;1.042608372746
365;1.023749446349
366;1.258853258562
367;0.632092224135
368;0.606252612977
369;0.585657175232
370;0.676081215473
371;0.581443319313
372;0.490999464751
373;0.654331535270
374;0.660346782144
375;0.942731230006
376;1.026913903269
377;1.206215877073
378;1.330177395830
379;1.230308260120
380;1.154254790950
381;1.845684132037
382;0.760491969675
383;0.556735436142
384;0.430341841271
385;0.613336433702
386;0.544415802164
387;0.486572862460
388;0.792646297131
389;1.111030610022
390;1.047560936134
391;0.469116201626
392;0.432866701783
393;0.511249015595
394;0.483162720300
395;0.466966334120
396;0.433427368124
397;0.561610575899
398;0.504934780282
399;0.764257223278
400;0.883258387623
401;1.121198836231
402;1.079488632653
403;1.052158588235
404;1.131318680425
405;1.202022366920
406;0.713417448431
407;0.706115989272
408;0.631142277180
409;0.574373303087
410;0.511725186616
411;0.508341912071
412;0.567603315535
413;0.786511413354
414;0.737446410918
415;0.753947608207
416;0.778429903592
417;0.754935263179
418;0.650979751124
419;0.649256723949
420;0.695315259930
421;0.629761419593
422;0.615408865032
423;0.905895507445
424;0.877598071676
425;0.949803523732
426;0.940956607495
427;0.994370943892
428;0.875135441565
429;0.852245799738
430;0.495918644121
431;0.708873158722
432;0.834014824783
433;0.676132737279
434;0.627588031775
435;0.800163960778
436;0.794981163733
437;0.799487291977
438;0.846967839066
439;0.942268436311
440;0.741238130921
441;0.736805985927
442;0.834541770449
443;0.901052828986
444;0.707858502661
445;0.642985202547
446;0.768283985865
447;0.993358915782
448;0.832417430329
449;0.853941787307
450;1.039474338996
451;0.979233142307
452;0.831915538755
453;0.887365146438
454;0.776650421240
455;0.769077885758
456;0.613718616599
457;0.602082778586
458;0.682512566757
459;0.757658482355
460;1.052018672294
461;1.182401435574
462;1.306168151122
463;0.667248003826
464;0.476413468793
465;0.539508307230
466;0.689298316496
467;0.597890570139
468;0.557728897381
469;0.654429628071
470;0.600277634977
471;1.029733978398
472;0.920768878488
473;1.168729617478
474;1.201153167930
475;1.101995521742
476;1.100910083851
477;1.203809967687
478;0.713906556823
479;0.661413149716
480;0.549672381314
481;0.696304135285
482;0.666168054587
483;0.530239520374
484;0.967125762602
485;1.167344620674
486;1.288231995012
487;0.523167729827
488;0.617430475687
489;0.603502362412
490;0.599849539014
491;0.475066084684
492;0.648374919313
493;0.648488400584
494;0.561230067846
495;0.860793280661
496;1.234202195289
497;1.133641218016
498;1.154948156338
499;2.151379516236
500;1.081949326727
501;1.220054947208
502;0.575878432536
503;0.682445406971
504;0.810370876480
505;0.835795477627
506;0.674479787647
507;0.704919314523
508;1.127041308291
509;1.296243817038
510;1.250621086899
511;0.615780992252
512;0.791118530981
513;0.674245061264
514;0.567872401222
515;0.624499519942
516;0.773599866012
517;0.573706564094
518;0.577525059220
519;1.141900830944
520;1.282737304509
521;1.157933216729
522;1.067750393683
523;1.193909856599
524;1.344117451629
525;1.202614701516
526;0.714177122047
527;0.664157967658
528;0.612828612838
529;0.619374997344
530;0.607988832214
531;0.646480909299
532;0.935880530652
533;0.979415716992
534;1.159718198342
535;0.645561044254
536;0.508701185149
537;0.539880274336
538;0.617582942270
539;0.669036423262
540;0.597385756305
541;0.497527728857
542;0.663420171088
543;1.041893134770
544;0.914556184288
545;1.011430140350
546;1.137323531115
547;1.150049941343
548;0.950578964978
549;1.173941365623
550;0.735271787612
551;0.671533062157
552;0.521211757462
553;0.549076594049
554;0.765247278041
555;0.620609699900
556;0.905741758363
557;0.973487553260
558;1.118434502972
559;0.563635132185
560;0.552244945854
561;0.630406186003
562;0.679577249267
563;0.539519292812
564;0.541156700164
565;0.685970598119
566;0.667800824995
567;0.856404054695
568;0.978445064375
569;1.065536785949
570;1.161189769735
571;0.939830621000
572;0.976718871719
573;1.202711189420
574;0.714296957919
575;0.706307297043
576;0.631138828700
577;0.569318847515
578;0.675489771570
579;0.560921543021
580;0.583027272264
581;0.850980773348
582;0.831509725328
583;0.764707831697
584;0.740482169330
585;1.587029015782
586;0.625024630913
587;0.731924323927
588;0.787423243623
589;0.743937005822
590;0.618158897906
591;0.883550839707
592;0.903983159639
593;0.932499840354
594;0.934056443303
595;1.210356803842
596;0.926098868674
597;0.907686799823
598;0.580273875539
599;0.535674837386
600;0.619069129873
601;0.574211202625
602;0.453724456840
603;0.543434437904
604;0.608439655594
605;0.693457811547
606;0.761809512444
607;0.823128780525
608;0.718689369394
609;0.683576780237
610;0.614904366542
611;0.619936319703
612;0.685842814328
613;0.610962746487
614;0.665032943075
615;0.913049528893
616;0.894627401139
617;0.786294062870
618;0.905450179242
619;1.032628901203
620;0.947164367916
621;0.860968786175
622;0.535178978789
623;0.510205152032
624;0.574386215153
625;0.432081196287
626;0.469698337144
627;0.513158209006
628;0.790281660002
629;0.933355852662
630;0.940140518814
631;0.540449940219
632;0.445260943289
633;0.394654760105
634;0.461711747977
635;0.498521565777
636;0.398961655648
637;0.412331492270
638;0.555498231426
639;0.919690254259
640;0.774159347499
641;0.923318610963
642;1.073022582456
643;1.019787350931
644;0.972191594553
645;1.202510726030
646;0.714174994941
647;0.664808412877
648;0.613347100592
649;0.626535943129
650;0.635757109163
651;0.787701354340
652;0.993206491421
653;1.224907460139
654;1.300838006669
655;0.618946767741
656;0.579834428399
657;0.657546386160
658;0.716348981639
659;0.639107842035
660;0.557764224513
661;0.658124104460
662;0.650862721953
663;0.900113067819
664;1.109855436468
665;1.308439405955
666;1.077282455000
667;1.072572652741
668;1.055707163605
669;1.269292652570
670;0.669239916356
671;0.654064513968
672;0.720091251333
673;0.888194362565
674;0.680518732077
675;0.612871915631
676;0.999021536503
677;1.384013453670
678;1.157744274450
679;0.567231517967
680;0.682239788335
681;0.757367602770
682;0.582490145693
683;0.580114650959
684;0.756987469241
685;0.668076370164
686;0.524657350005
687;1.093196266045
688;1.194314155578
689;1.138962408038
690;1.092557182370
691;1.286053305321
692;1.237198779572
693;1.065368517227
694;0.713783918095
695;0.664702564776
696;0.613504167718
697;0.630272482959
698;0.641627296956
699;0.534540035679
700;1.023024720861
701;0.991527671931
702;0.955503073280
703;0.568374286563
704;0.599531981768
705;0.510673349307
706;0.454259173812
707;0.571402127675
708;0.580412806483
709;0.435897951477
710;0.507892349735
711;0.876393629368
712;0.859493374752
713;1.222582402267
714;0.996003758680
715;1.167436763561
716;1.366457352971
717;0.903818540269
718;0.601207055557
719;0.650604538081
720;0.588195175161
721;0.526059775715
722;0.661667484557
723;0.707937902135
724;1.044342354138
725;1.097632702954
726;1.248392208072
727;0.636020950964
728;0.528005070357
729;0.579258672462
730;0.615153086413
731;0.568164061530
732;0.513054138753
733;0.615520030233
734;0.673888889782
735;1.000296143059
736;0.944648242564
737;1.059050571756
738;1.177857170959
739;1.212798463492
740;0.947280940903
741;2.013872596173
742;0.713092409857
743;0.625245136822
744;0.529866957696
745;0.623781485582
746;0.731995985896
747;0.636354747878
748;0.522713221572
749;0.954559267613
750;1.010496820590
751;0.863230557053
752;0.628145546519
753;0.824172695162
754;0.790648925896
755;0.693858154627
756;0.732369750284
757;0.856974751009
758;0.712990791852
759;0.854918431957
760;0.863151659598
761;1.825156711392
762;0.959037349672
763;0.929556429388
764;0.981457343486
765;1.141794651872
766;0.627943935901
767;0.679115732623
768;0.684548812548
769;0.759395149611
770;0.708943584734
771;0.710548063705
772;0.813173827440
773;1.019848739148
774;1.047877243826
775;0.991641454514
776;0.877593012544
777;1.582724910079
778;0.756201677548
779;0.869146889821
780;0.937276869234
781;0.825877467618
782;0.889228241845
783;1.057770351557
784;1.309660005245
785;1.200858250997
786;1.162563569035
787;1.224710273593
788;1.209945576447
789;1.210388107214
790;0.670548101185
791;0.772501388263
792;0.857189900513
793;0.644520594758
794;0.679387233559
795;0.760085106702
796;1.172214430602
797;1.178493843018
798;1.266645410235
799;0.641438534688
800;0.617074294769
801;0.557679280569
802;0.568412387509
803;0.750338298688
804;0.661636337702
805;0.587942963573
806;0.614960465937
807;1.084838752745
808;1.096764194297
809;1.092249871220
810;1.400703340263
811;1.784272018489
812;1.116466819237
813;1.145907349389
814;0.682876200178
815;0.617796378024
816;0.667163532640
817;0.634625709666
818;0.606623703844
819;0.816107479951
820;1.009854425757
821;1.246700428444
822;1.364178122595
823;0.690618284759
824;0.508742573524
825;0.610672073663
826;0.692642578473
827;0.576132018289
828;0.543430278053
829;0.602780408800
830;0.706790396117
831;0.985241361109
832;1.161496890362
833;1.384510299633
834;1.219028062257
835;1.264161572966
836;1.190876723190
837;1.238145885853
838;0.802359286130
839;0.514513947766
840;0.510478332535
841;0.549948489482
842;0.589911831048
843;0.493533867085
844;0.788405378472
845;1.200083996354
846;0.957416827087
847;0.429456154414
848;0.484228077148
849;0.550377986053
850;0.453698349918
851;0.443244787873
852;0.493739277157
853;0.507688106687
854;0.493101359669
855;0.823485514107
856;1.022746374974
857;0.977275415638
858;1.016760726933
859;1.046624085085
860;1.015517949074
861;1.112328391904
862;0.682552692141
863;0.616710854467
864;0.667502947962
865;0.638230867627
866;0.618635493737
867;0.628558309785
868;1.013252614355
869;1.301654939128
870;1.052610741036
871;0.585112562069
872;0.752381168989
873;0.569035153025
874;0.537127138994
875;0.605604523908
876;0.740986317709
877;0.621385349344
878;0.541945678361
879;1.116696892267
880;1.312142736627
881;1.044761795252
882;1.319648060271
883;1.307202829597
884;1.183868316295
885;1.055461487190
886;0.696040029365
887;0.670786108219
888;0.726893809416
889;0.550594241148
890;0.509701280176
891;0.729886037292
892;1.016066803897
893;1.083794760046
894;1.190250247749
895;0.558432931386
896;0.604051663438
897;0.519237776476
898;0.607231315261
899;0.641035373762
900;0.537549601372
901;0.503371244876
902;0.583448774181
903;1.064660610521
904;0.997349375593
905;1.078885494554
906;1.061542489915
907;1.212282476495
908;1.058814208640
909;1.145542611578
910;0.683490414619
911;0.672763911405
912;0.635154964051
913;0.662098103227
914;0.719084221989
915;0.648175306251
916;0.539854249645
917;0.755946686678
918;1.058230943904
919;0.854390372358
920;0.602249686614
921;0.769413181951
922;0.825338544111
923;0.706965261577
924;0.738176891305
925;1.501528955918
926;0.796377035970
927;0.758826869146
928;1.937488773514
929;1.018780378941
930;1.016902326067
931;1.233838077787
932;0.859150081112
933;0.993474281720
934;0.654765401963
935;0.661328281028
936;0.690003836072
937;0.747833895477
938;0.737940740865
939;0.664985008456
940;0.657166860404
941;1.175801447460
942;1.182069526399
943;0.954878296553
944;0.963722807414
945;0.852014025937
946;0.762470600919
947;0.760301776351
948;0.892755250672
949;0.860355169549
950;0.814644346506
951;1.051411778476
952;1.105087497482
953;1.061845666525
954;1.356441376737
955;1.055374834161
956;1.283782676703
957;1.291569765180
958;0.656200045113
959;0.562995706005
960;0.711900075777
961;0.694517591358
962;0.509830841097
963;0.637916091247
964;1.081884721914
965;1.162740005770
966;1.167492952946
967;0.527532767040
968;0.621787280753
969;0.495751670667
970;0.522148155806
971;0.640109137680
972;0.581292968761
973;0.501723188357
974;0.466792879084
975;1.012383939633
976;1.084698836269
977;1.161485436902
978;1.164610993202
979;1.353716056224
980;1.103224951413
981;1.146037000864
982;0.682488191082
983;0.616960685638
984;0.667607704260
985;0.633838857658
986;0.506146729945
987;0.546887221856
988;0.786741513331
989;0.913588502188
990;1.017725504855
991;0.484479587498
992;0.437749029519
993;0.395286646580
994;0.549470686845
995;0.493107223725
996;0.464764026589
997;0.466801488388
998;0.531586561359
999;0.828703280201
1000;0.983960793997
1001;1.021291209919
1002;1.056816350424
1003;1.047625500615
1004;1.026689787521
1005;0.927354846368
1006;0.638355228904
1007;0.607512350245
1008;0.508991308700
1009;0.550907363586
1010;0.765219492833
1011;0.648596847953
1012;0.902569513811
1013;1.191444167940
1014;1.172290154928
1015;0.536404081884
1016;0.528187904760
1017;0.585187870053
1018;0.577061162438
1019;0.564145212024
1020;0.468825955416
1021;0.651283871952
1022;0.654751424642
1023;0.983948717001
1024;1.137544857634
1025;1.314312040112
1026;1.093051227684
1027;1.053364335882
1028;1.202224948955
1029;1.171298292914
1030;0.682842357784
1031;0.617070840159
1032;0.667408028320
1033;0.638068074766
1034;0.618905048630
1035;0.631040664855
1036;1.015286074013
1037;1.059687174097
1038;1.077832349146
1039;0.454325398055
1040;0.567008029678
1041;0.577088753029
1042;0.480347224941
1043;0.463935968280
1044;0.526912367842
1045;0.524571211118
1046;0.426172482143
1047;0.914898306284
1048;0.928048754657
1049;1.057471378065
1050;0.941380034731
1051;1.015826671752
1052;0.992427648740
1053;1.019587559741
1054;0.621685905782
1055;0.602140853276
1056;0.677698527101
1057;0.557855095448
1058;0.542401911578
1059;0.590362836962
1060;0.892454154634
1061;1.090390680586
1062;1.012322996383
1063;0.563196520678
1064;0.578026913554
1065;0.471958559940
1066;0.525079829844
1067;0.510580479222
1068;0.519989521796
1069;0.463356883612
1070;0.527562169051
1071;0.876065161393
1072;0.889548290762
1073;0.971857353779
1074;1.089543480614
1075;1.156172322633
1076;0.953072041348
1077;0.985990992792
1078;0.682834179053
1079;0.672814981111
1080;0.635753378002
1081;0.661833924410
1082;0.713571572055
1083;0.621526809759
1084;0.512155306605
1085;0.689942882790
1086;0.881371542194
1087;0.948018477149
1088;0.645627949846
1089;0.737074296855
1090;0.771650304595
1091;0.774788973557
1092;0.670456876614
1093;0.701379973775
1094;0.748803043552
1095;0.942790748103
1096;0.959650585277
1097;1.006458819126
1098;1.175329043987
1099;0.989805731589
1100;0.900453798088
1101;1.006169057463
1102;0.613429784901
1103;0.572915669911
1104;0.490035049807
1105;0.563727860746
1106;0.704227590766
1107;0.625401917581
1108;0.481915749637
1109;0.815234902506
1110;0.894690734041
1111;0.802835865368
1112;0.750782751458
1113;1.530926896214
1114;0.803076148870
1115;1.158697874605
1116;0.634788685744
1117;0.738634569279
1118;0.804910109233
1119;0.798854445871
1120;0.832523508118
1121;0.943864834279
1122;0.875068983142
1123;0.982913799669
1124;1.033529286403
1125;1.049083903898
1126;0.584148018053
1127;0.569257498174
1128;0.721716356254
1129;0.714875642824
1130;0.675097494329
1131;0.618958606014
1132;1.193490376306
1133;1.338656772566
1134;1.257163005805
1135;0.522590589184
1136;0.764685464293
1137;0.656151829253
1138;0.509718561997
1139;0.578160597824
1140;0.687392740018
1141;0.587590736025
1142;0.532200779798
1143;0.994548644065
1144;1.205668528718
1145;1.339945408125
1146;1.112737972386
1147;1.240442870206
1148;1.093535583595
1149;1.145186698870
1150;0.682883939193
1151;0.616819196716
1152;0.661630361373
1153;0.590178367099
1154;0.602875189018
1155;0.750249343160
1156;1.117237416992
1157;1.002730189594
1158;1.119220852675
1159;0.665629507846
1160;0.663702590440
1161;0.506769609845
1162;0.593973194837
1163;0.574190376187
1164;0.556826380181
1165;0.476924921880
1166;0.638219290701
1167;1.020691572812
1168;1.140311123828
1169;1.085371537329
1170;1.135494795879
1171;1.235637380852
1172;1.015505139040
1173;1.162507031428
1174;0.804128409395
1175;0.677660977202
1176;0.536987050969
1177;0.581321032068
1178;0.632291327743
1179;0.608848291978
1180;0.949369300694
1181;1.204021254774
1182;1.343101058407
1183;0.594179654077
1184;0.469024445883
1185;0.523074573382
1186;0.581606057681
1187;0.542683939637
1188;0.538756938404
1189;0.591380105002
1190;0.624881186392
1191;0.952479623100
1192;1.101204162380
1193;1.240086271823
1194;1.126260011591
1195;1.134689676275
1196;1.094429882079
1197;1.145386089393
1198;0.682830930673
1199;0.617033036492
1200;0.666857713733
1201;0.632103945791
1202;0.606594432239
1203;0.533005741269
1204;1.039716051157
1205;1.293803909370
1206;1.106405262408
1207;0.475940373359
1208;0.594901696200
1209;0.696723724234
1210;0.647525378586
1211;0.569826333663
1212;0.632046856816
1213;0.715489020180
1214;0.579721210243
1215;0.884132873221
1216;1.251999752224
1217;1.235393775113
1218;1.259538089757
1219;1.239252438639
1220;1.116619727525
1221;1.163226448410
1222;0.638304451899
1223;0.602499289243
1224;0.716710313152
1225;0.760318884768
1226;0.597520505018
1227;0.599310261215
1228;1.134771097607
1229;1.210975755654
1230;1.210840606648
1231;0.586483440688
1232;0.654767844814
1233;0.696911105581
1234;0.581108154859
1235;0.710523735618
1236;0.769564997906
1237;0.555314493860
1238;0.521369924578
1239;1.090025445456
1240;1.145769358605
1241;1.188266854212
1242;1.177692420458
1243;1.256477347877
1244;1.093707223149
1245;1.144688529462
1246;0.682770377895
1247;0.672088400380
1248;0.630638044572
1249;0.503837820786
1250;0.463162057726
1251;0.557644331625
1252;0.537730329843
1253;0.793442408344
1254;0.929835708845
1255;0.849267103928
1256;1.603789323110
1257;0.619173089917
1258;1.031018717218
1259;0.745712350680
1260;0.658085297532
1261;0.653941616292
1262;0.689067432776
1263;0.877093658607
1264;0.870445767266
1265;1.888418671093
1266;1.629670790578
1267;0.924103799043
1268;0.905095679159
1269;0.942510918278
1270;0.613340542685
1271;0.660395810497
1272;0.623758596797
1273;0.650295292837
1274;0.673711719931
1275;0.659291219616
1276;0.518827324679
1277;0.979587310617
1278;1.079437285236
1279;0.928742320227
1280;0.690240268155
1281;1.490117465903
1282;0.869443600768
1283;0.814104012350
1284;0.742705047180
1285;0.816322445228
1286;0.798017943033
1287;0.810553636767
1288;0.933624133105
1289;1.086127026997
1290;1.079776522391
1291;1.052329457379
1292;1.051821090639
1293;1.101008545714
1294;0.771758089367
1295;0.620206119167
1296;0.633150449998
1297;0.694155718307
1298;0.784337407031
1299;0.557856534592
1300;0.965633540966
1301;1.244164003377
1302;1.237367747930
1303;0.541993664578
1304;0.551750673831
1305;0.631118213532
1306;0.628697471037
1307;0.535163068465
1308;0.685049526023
1309;0.663306780182
1310;0.583918873793
1311;1.045780575433
1312;1.171937425332
1313;1.240154878966
1314;1.242224575080
1315;1.212765861915
1316;1.093494978769
1317;1.144762184479
1318;0.682866488816
1319;0.617522458221
1320;0.665801948777
1321;0.626179984258
1322;0.515053650059
1323;0.659320198528
1324;1.207792509829
1325;1.112481760155
1326;1.013338852850
1327;0.593380810899
1328;0.701258476600
1329;0.609696668293
1330;0.518187698064
1331;0.595944116900
1332;0.646016163332
1333;0.602789996429
1334;0.594689322015
1335;1.184083165513
1336;1.043189098943
1337;1.168055840599
1338;1.128634668154
1339;1.156312165137
1340;1.247258185141
1341;1.133039206779
1342;0.756323100808
1343;0.637866545380
1344;0.612679754931
1345;0.607699031582
1346;0.610077086760
1347;0.719515090978
1348;0.963192997576
1349;0.975454083565
1350;1.046006650057
1351;0.599447806500
1352;0.597399059472
1353;0.473593916869
1354;0.619338311093
1355;0.590466965079
1356;0.519365067438
1357;0.541807478830
1358;0.608879314433
1359;1.070199633802
1360;1.115176639511
1361;1.115961528155
1362;1.160917055056
1363;1.141230853851
1364;1.010916518612
1365;1.084713988725
1366;0.682505724114
1367;0.617270946280
1368;0.667006631409
1369;0.637922693801
1370;0.618944642338
1371;0.619414809516
1372;0.990433560736
1373;1.196730014252
1374;1.250727228702
1375;0.492623390091
1376;0.454682701117
1377;0.596309351310
1378;0.576843017798
1379;0.546752808506
1380;0.445259208233
1381;0.554912177815
1382;0.531014576025
1383;0.862534112423
1384;1.067283451050
1385;1.304040369878
1386;1.250056807579
1387;1.158484685438
1388;1.000690517672
1389;1.249770840285
1390;0.670688512743
1391;0.534912340339
1392;0.627819518561
1393;0.792809802313
1394;0.648584045037
1395;0.564931762640
1396;1.067795846944
1397;1.359107232209
1398;1.251935289914
1399;0.594216058557
1400;0.696737823071
1401;0.650084498235
1402;0.550420908693
1403;0.530549436852
1404;0.592368898838
1405;0.715080496166
1406;0.495284310991
1407;1.094189263599
1408;1.252924159967
1409;1.094937099733
1410;1.136228225839
1411;1.323689691511
1412;1.239877356511
1413;1.166431561028
1414;0.659009623554
1415;0.403304523709
1416;0.474005031655
1417;0.449420415660
1418;0.348951090232
1419;0.465034691756
1420;0.472922079585
1421;0.641498812946
1422;0.748554748151
1423;0.724405951614
1424;0.606254435825
1425;0.647168717024
1426;0.602435749905
1427;0.592170129677
1428;0.596707061534
1429;0.568410164565
1430;0.563453940465
1431;0.773494936292
1432;0.807753987594
1433;0.932114377450
1434;0.939168513973
1435;0.927841627543
1436;0.973712229121
1437;0.914328360754
1438;0.486593336355
1439;0.442377026475
1440;0.431408265370
1441;0.363642130384
1442;0.372775250924
1443;0.470850765695
1444;0.360964727645
1445;0.656408363088
1446;0.668917324861
1447;0.709603125914
1448;0.562162859371
1449;0.594355186009
1450;0.578712589053
1451;0.597444535302
1452;0.586132101185
1453;0.498705073307
1454;0.594879454616
1455;0.677138592671
1456;0.790759235309
1457;0.780322242188
1458;0.942816062126
1459;0.798673412838
1460;0.873108427761
1461;0.748866506839
1462;0.497692273124
1463;0.506702275328
1464;0.457179521403
1465;0.485910267583
1466;0.631922555408
1467;0.533966826774
1468;0.767020241587
1469;1.141431953243
1470;1.027894352913
1471;0.434277741895
1472;0.470955330529
1473;0.507533438659
1474;0.540651298709
1475;0.467068056797
1476;0.409485265482
1477;0.587430797690
1478;0.512404951205
1479;0.773921302915
1480;1.007761585341
1481;2.066579653682
1482;0.973380419603
1483;0.937428055678
1484;0.978575276620
1485;1.073310896902
1486;0.547146738630
1487;0.505234101357
1488;0.467978942235
1489;0.433910257328
1490;0.534333765903
1491;0.499047250313
1492;1.081767634839
1493;1.252539424115
1494;1.187270236124
1495;0.510614391128
1496;0.570357911199
1497;0.585326656466
1498;0.487788277291
1499;0.566172359727
1500;0.624447466002
1501;0.552365300639
1502;0.435315801246
1503;0.978224412679
1504;1.013677572949
1505;1.145567166220
1506;1.199841567245
1507;1.141022809399
1508;1.300327198878
1509;1.143310034427
1510;0.595647207586
1511;0.520058870359
1512;0.608482736201
1513;0.511572979921
1514;0.470310299873
1515;0.495720366869
1516;0.928473012086
1517;1.022890620189
1518;1.132906290131
1519;0.559924480994
1520;0.523346780400
1521;0.444720998976
1522;0.502990977445
1523;0.564100181910
1524;0.485623011251
1525;0.461086653109
1526;0.501845948223
1527;0.991615369563
1528;1.004154125552
1529;1.065222756763
1530;1.173876852732
1531;1.164841872819
1532;1.026984200203
1533;1.162466851848
1534;0.547428351091
1535;0.505894691326
1536;0.468780368627
1537;0.445519471178
1538;0.498285377185
1539;0.425596503775
1540;0.696478996982
1541;0.752281603362
1542;0.759289579363
1543;0.361778268721
1544;0.341171593773
1545;0.345993132017
1546;0.380201838327
1547;0.337413240962
1548;0.339350985441
1549;0.394530057784
1550;0.380917723747
1551;0.652572589208
1552;0.832327644470
1553;0.795111199426
1554;0.837098581108
1555;0.835975377737
1556;0.849186630713
1557;0.838180796118
1558;0.465668782551
1559;0.563209544732
1560;0.431169127211
1561;0.624281883691
1562;0.650320790784
1563;0.515322489139
1564;0.858149731289
1565;1.056339002461
1566;1.195581321224
1567;0.410843944391
1568;0.506736494118
1569;0.553896671886
1570;0.548295475260
1571;0.459437098658
1572;0.504080321764
1573;0.556286787318
1574;0.529132628121
1575;0.868062948722
1576;0.975156368161
1577;1.150114066900
1578;1.036621869582
1579;1.160462628235
1580;1.012316829606
1581;1.229747794013
1582;0.547591419899
1583;0.450865051300
1584;0.492343609450
1585;0.449268717959
1586;0.433314591688
1587;0.470886635998
1588;0.524369501697
1589;0.790078483069
1590;0.876428929089
1591;0.779361750068
1592;0.680431235691
1593;0.733268351723
1594;0.581262126269
1595;1.122330621930
1596;0.668576538018
1597;0.623849143391
1598;0.682832352579
1599;0.811509479855
1600;0.829033505377
1601;0.970698056127
1602;0.956987049948
1603;1.047463320525
1604;0.872308476602
1605;0.951030976069
1606;0.557686257979
1607;0.527816164246
1608;0.487102234588
1609;0.425068028787
1610;0.436648908734
1611;0.542626475271
1612;0.555931349445
1613;0.677116779281
1614;0.818132335364
1615;0.689950198571
1616;0.676397031533
1617;0.544530771627
1618;0.686323461212
1619;0.665982387581
1620;0.617603645933
1621;0.618461568607
1622;0.636114132715
1623;0.852293720549
1624;0.837632513584
1625;0.772820485122
1626;0.847532929397
1627;0.868799744429
1628;0.795307161249
1629;0.852892506248
1630;0.526450613863
1631;0.490625058270
1632;0.450406052570
1633;0.402914245162
1634;0.453231209478
1635;0.438254526081
1636;0.756694523754
1637;0.921031339055
1638;1.007189314544
1639;0.470807656358
1640;0.332393042882
1641;0.396589580619
1642;0.439266567661
1643;0.396311881969
1644;0.335736643364
1645;0.395637611974
1646;0.496918670467
1647;0.770871327601
1648;0.815478289805
1649;0.965633393284
1650;0.910325192083
1651;0.857924833875
1652;0.990332229306
1653;1.073465275241
1654;0.546870294311
1655;0.505356145150
1656;0.461350202256
1657;0.459745233473
1658;0.539421100121
1659;0.392325147862
1660;0.806792362403
1661;0.905949817792
1662;0.979924724436
1663;0.413690866081
1664;0.435701830454
1665;0.495135644145
1666;0.422114470207
1667;0.405767462228
1668;0.491759693021
1669;0.432705828353
1670;0.380768894093
1671;0.816335668005
1672;0.991260684116
1673;0.924900003209
1674;1.067816945732
1675;1.019824179393
1676;1.479525594419
1677;0.973027896643
1678;0.489380116128
1679;0.521471686015
1680;0.616846843204
1681;0.532380489953
1682;0.501505422971
1683;0.464149066924
1684;0.997915141394
1685;0.962570847033
1686;0.957264414808
1687;0.475322118695
1688;0.588302674028
1689;0.481022398593
1690;0.416253851125
1691;0.518907749680
1692;0.479855227879
1693;0.481846882457
1694;0.478130478731
1695;0.939739184549
1696;1.061003923736
1697;0.999567310119
1698;0.929051554289
1699;1.206846726123
1700;1.072480841265
1701;1.073628226623
1702;0.547259813996
1703;0.505404446771
1704;0.469309105286
1705;0.445274716624
1706;0.487948443871
1707;0.558651622235
1708;0.962881744689
1709;1.004027906434
1710;1.006088717798
1711;0.443829652701
1712;0.398417251732
1713;0.366067565833
1714;0.443795876387
1715;0.528374474067
1716;0.454648306888
1717;0.395852989514
1718;0.457643764777
1719;0.938702980518
1720;0.925406984538
1721;1.051822384289
1722;1.124536290564
1723;1.141805041351
1724;0.919257851980
1725;1.121462023028
1726;0.552928008937
1727;0.503785986860
1728;0.404556755098
1729;0.379361471631
1730;0.478215842793
1731;0.471814631261
1732;0.698887759435
1733;0.939764911376
1734;0.960779413071
1735;0.424525104348
1736;0.341506447117
1737;0.470553513373
1738;0.473355384459
1739;0.428669106854
1740;0.412544542139
1741;0.424654843417
1742;0.432829055218
1743;0.715402767604
1744;0.818268832635
1745;0.872705031109
1746;1.048301090332
1747;0.995117132999
1748;0.979561278469
1749;1.072794368962
1750;0.546599599433
1751;0.451151785374
1752;0.492764209228
1753;0.448987186966
1754;0.424741498003
1755;0.374681687921
1756;0.386362693065
1757;0.719668170981
1758;0.636914078394
1759;0.631092120094
1760;0.552423071091
1761;0.586078706828
1762;0.494598210613
1763;0.576910535395
1764;0.603622541003
1765;0.559607661531
1766;0.495655870156
1767;0.665359357335
1768;0.773473896858
1769;0.867196426235
1770;0.699135444881
1771;0.757858463989
1772;0.764334344873
1773;0.793816207870
1774;0.388693216640
1775;0.435835706543
1776;0.543677839073
1777;0.508460934696
1778;0.472012922307
1779;0.503158553507
1780;0.546092598165
1781;0.788587070954
1782;0.742712304781
1783;0.822735913052
1784;0.756113071490
1785;1.380213924781
1786;0.600481670099
1787;0.689136878634
1788;0.681146632228
1789;0.676001674899
1790;0.613022649967
1791;1.432627183375
1792;0.873129462663
1793;0.968456828214
1794;1.046675105901
1795;1.049310818651
1796;0.899777387632
1797;0.853833212470
1798;0.629519243057
1799;0.402701859628
1800;0.364435917503
1801;0.318665730452
1802;0.422573967425
1803;0.414625983147
1804;0.722399050632
1805;0.718865212894
1806;0.770878589173
1807;0.374222032984
1808;0.328784198608
1809;0.340563145875
1810;0.387791117477
1811;0.434327942777
1812;0.347805948640
1813;0.375084780551
1814;0.441992607270
1815;0.734154098681
1816;0.794325367086
1817;0.795696055275
1818;0.976023058558
1819;0.848847531636
1820;0.989838134367
1821;1.072577780228
1822;0.547469674195
1823;0.505945044995
1824;0.461532174553
1825;0.433591121906
1826;0.497835767654
1827;0.427417833459
1828;0.811693440999
1829;1.004682591361
1830;0.880963289779
1831;0.392101276896
1832;0.380126872652
1833;0.389470152562
1834;0.465206035478
1835;0.395805052174
1836;0.348540134936
1837;0.491519399537
1838;0.386672144817
1839;0.754031594776
1840;0.788844590286
1841;0.989359015393
1842;1.011045503542
1843;1.034690426408
1844;0.954831746506
1845;0.903921747336
1846;0.480022275601
1847;0.376539615563
1848;0.415934776010
1849;0.407430032630
1850;0.371469944520
1851;0.341156110934
1852;0.795042967248
1853;0.904117001270
1854;0.897608364457
1855;0.335043779538
1856;0.363665280577
1857;0.431426620902
1858;0.364881626510
1859;0.387263897220
1860;0.441301872980
1861;0.369303949272
1862;0.330550352484
1863;0.692652596882
1864;0.896281230492
1865;0.903962135417
1866;0.836837565158
1867;0.905104964393
1868;0.813920874937
1869;0.913118280519
1870;0.547090379701
1871;0.505995858967
1872;0.469768545790
1873;0.446136700592
1874;0.495274203358
1875;0.471951569303
1876;0.991663343777
1877;1.115034793450
1878;1.078277969478
1879;0.526858056847
1880;0.508685958229
1881;0.435730494612
1882;0.458583776062
1883;0.510307543361
1884;0.536831758155
1885;0.409695312805
1886;0.504668226817
1887;0.909386873144
1888;1.057282561376
1889;1.150842558358
1890;1.201558065931
1891;1.097785310667
1892;1.917709663771
1893;1.378497821060
1894;0.678552919150
1895;0.549731859313
1896;0.491825160778
1897;0.390701690868
1898;0.486895457591
1899;0.475787245233
1900;0.857159287618
1901;1.014211407260
1902;0.972098093199
1903;0.495147684193
1904;0.445619541025
1905;0.447214881531
1906;0.473711853103
1907;0.440774187945
1908;0.390012788514
1909;0.422792546729
1910;0.492223347782
1911;0.948998332464
1912;0.914129927118
1913;1.092686690521
1914;1.173611086744
1915;1.018411972664
1916;0.978248268616
1917;0.933027528878
1918;0.546685910844
1919;0.451646353794
1920;0.492691331028
1921;0.449671672355
1922;0.434075690100
1923;0.471104173999
1924;0.472956854682
1925;0.728316321866
1926;0.838229637115
1927;0.719135039361
1928;0.608390322826
1929;0.660971748125
1930;0.591483701391
1931;0.648751939146
1932;0.684766416647
1933;0.636700229783
1934;1.603252098468
1935;0.799164602540
1936;0.861807251514
1937;1.029711238930
1938;0.998822200734
1939;0.924354659120
1940;0.903822686345
1941;0.986432801225
1942;0.461527247430
1943;0.480223442779
1944;0.580793382549
1945;0.592199491129
1946;0.508665792044
1947;0.478605558799
1948;0.617866666227
1949;0.759016521992
1950;0.899417463626
1951;0.750467416240
1952;0.782690960736
1953;0.682525802073
1954;0.700855581738
1955;0.667391582596
1956;0.782420038471
1957;0.653906147880
1958;0.686712367018
1959;0.814843838274
1960;0.920235716057
1961;0.847070989465
1962;0.999382322641
1963;0.907968964966
1964;0.933519764471
1965;0.927912766861
1966;0.524588912563
1967;0.383162834818
1968;0.371909703549
1969;0.315363578693
1970;0.312858001613
1971;0.384673113627
1972;0.708935923629
1973;0.687750140065
1974;0.777232104672
1975;0.340245061426
1976;0.382361710600
1977;0.338980019687
1978;0.304680216698
1979;0.337493196357
1980;0.341740821310
1981;0.320866473877
1982;0.335250978990
1983;0.666384097456
1984;0.766361149887
1985;0.846938347778
1986;0.789884103117
1987;0.811625493426
1988;0.824490778899
1989;1.072404099607
1990;0.546553084815
1991;0.505320861036
1992;0.468384114980
1993;0.433648607413
1994;0.508318839265
1995;0.544764879500
1996;0.818368847664
1997;0.976431755286
1998;1.057714208712
1999;0.439625308479
2000;0.424727808230
2001;0.412377188343
2002;0.450905877277
2003;0.451163543828
2004;0.397145166954
2005;0.413749554219
2006;0.453789247206
2007;0.902762937992
2008;0.878742697674
2009;1.039095950654
2010;1.084324649758
2011;0.878098965799
2012;0.942168846034
2013;1.128451481588
2014;0.514788270277
2015;0.493554280601
2016;0.472565878944
2017;0.467609119751
2018;0.540241428049
2019;0.477036208754
2020;0.856913430893
2021;1.003681524154
2022;1.043213401878
2023;0.443599794268
2024;0.400656058910
2025;0.538616512529
2026;0.429368713466
2027;0.382439138131
2028;0.449106078710
2029;0.503526243010
2030;0.423313761022
2031;0.923111616111
2032;1.052661701487
2033;1.091092182689
2034;1.044442754169
2035;0.958861932991
2036;0.969067797455
2037;1.061100623466
2038;0.547339101479
2039;0.505653800088
2040;0.469184280728
2041;0.446057169763
2042;0.498417096580
2043;0.442790499235
2044;0.972402348645
2045;1.136609772953
2046;0.963932742753
2047;0.417346674061
2048;0.546613512518
2049;0.457395778378
2050;0.408352909584
2051;0.530664815556
2052;0.536977928529
2053;0.422739936086
2054;0.446855003069
2055;0.871900481486
2056;0.958432333932
2057;0.978909829573
2058;1.055966220844
2059;1.021235504975
2060;1.127807437628
2061;1.066587993395
2062;0.627313393346
2063;0.429092255535
2064;0.477775327064
2065;0.383432142592
2066;0.403014416599
2067;0.471793746353
2068;0.746925944750
2069;0.872790724806
2070;0.946727929854
2071;0.446022569327
2072;0.422661139461
2073;0.343242228770
2074;0.401511753278
2075;0.445990163165
2076;0.413038886488
2077;0.339427220317
2078;0.444712521094
2079;0.859480363190
2080;0.820270452685
2081;0.893190890791
2082;1.030985840993
2083;1.072897650217
2084;0.907264867266
2085;1.005517645400
2086;0.547017639217
2087;0.451043506131
2088;0.492956690546
2089;0.449052853981
2090;0.434457724170
2091;0.470902956678
2092;0.444496931038
2093;0.768809131935
2094;0.891025772924
2095;0.648084654130
2096;0.587880026468
2097;0.587286768974
2098;1.391080228466
2099;0.619208410811
2100;0.618539792887
2101;0.589012892762
2102;0.620861987144
2103;0.787060571001
2104;0.892691858447
2105;1.471831112473
2106;0.973166531530
2107;0.923786650227
2108;0.860457792933
2109;0.969898961861
2110;0.547471764566
2111;0.363077327403
2112;0.392836038907
2113;0.407448809475
2114;0.389561394026
2115;0.364182933682
2116;0.667846183858
2117;0.659924025004
2118;0.619891814617
2119;0.536997707652
2120;0.620911456009
2121;0.491107244724
2122;0.563150187584
2123;0.526143720977
2124;0.570340006408
2125;0.497871097153
2126;0.648925120625
2127;0.690751090403
2128;0.813211920601
2129;0.843448600381
2130;0.735460576775
2131;0.780212536946
2132;0.817014906511
2133;0.410078462385
2134;0.485711003581
2135;0.524572062697
2136;0.482795337969
2137;0.385868570566
2138;0.461706500123
2139;0.924143651624
2140;0.882901512321
2141;0.986886688515
2142;0.437175622554
2143;0.433754820648
2144;0.399443334521
2145;0.368451070780
2146;0.476565553641
2147;0.475069421731
2148;0.371966188752
2149;0.370398269229
2150;0.804438820876
2151;0.891083211329
2152;1.005666460243
2153;0.958583885762
2154;1.074261684155
2155;0.958494337381
2156;0.969328582396
2157;0.534965442286
2158;0.429075118819
2159;0.467427778285
2160;0.361099746888
2161;0.398772680428
2162;0.434879490814
2163;0.794238558968
2164;0.885913157966
2165;1.070188542517
2166;0.454823528294
2167;0.420385535493
2168;0.421592573463
2169;0.401644822330
2170;0.451089549964
2171;0.414039034590
2172;0.395589919835
2173;0.415794515261
2174;0.853600759485
2175;0.967742687389
2176;1.050146340033
2177;1.056458540117
2178;1.121530683773
2179;1.146749077512
2180;1.039315465744
2181;0.492473643141
2182;0.307808120551
2183;0.293723817527
2184;0.294145278846
2185;0.334998497826
2186;0.288152444047
2187;0.696325401941
2188;0.888281281467
2189;0.864481295707
2190;0.300620584383
2191;0.295646692895
2192;0.330082204939
2193;0.300521448196
2194;0.273672976021
2195;0.266244259949
2196;0.307034937182
2197;0.344405410718
2198;0.655455513015
2199;0.783558760741
2200;0.888833428945
2201;0.961397126716
2202;0.911179733372
2203;0.884358747569
2204;0.923561199864
2205;0.398614570902
2206;0.332385568311
2207;0.343326407826
2208;0.346557067582
2209;0.326890027083
2210;0.308236885467
2211;0.726832827458
2212;0.957883619178
2213;0.791557333420
2214;0.314155277226
2215;0.320284062508
2216;0.336731731317
2217;0.317339158880
2218;0.329104100274
2219;0.348868406568
2220;0.349225625838
2221;0.279333250028
2222;0.860236275656
2223;0.808695132021
2224;0.994308854203
2225;0.915042032462
2226;0.914548444121
2227;0.877532492973
2228;0.862573773989
2229;0.340399175174
2230;0.297803133938
2231;0.323427183176
2232;0.327537094601
2233;0.289814728876
2234;0.316132750102
2235;0.826540632488
2236;0.911063378814
2237;0.901361070906
2238;0.306244077492
2239;0.331003959428
2240;0.327121786351
2241;0.292058287525
2242;0.313926361769
2243;0.300914648675
2244;0.321548042679
2245;0.311629290836
2246;0.762266981862
2247;0.859907997707
2248;0.928976986762
2249;0.945478456232
2250;1.073279117156
2251;0.948242887086
2252;0.923607724919
2253;0.398671477894
2254;0.327440229098
2255;0.322232420953
2256;0.309602922213
2257;0.325005157088
2258;0.436809201100
2259;0.381965083782
2260;0.664472037172
2261;0.804241295031
2262;0.659227486258
2263;0.558470954142
2264;0.610730512611
2265;0.665414039464
2266;0.643422699301
2267;0.585209430592
2268;0.547220883808
2269;0.568255541332
2270;0.762377288306
2271;0.772235727968
2272;0.852979441359
2273;0.975857015042
2274;0.878505243887
2275;0.757802852896
2276;0.787309303154
2277;0.505056116872
2278;0.279459443873
2279;0.253409540803
2280;0.305336334178
2281;0.324872654623
2282;0.318579776254
2283;0.293354263183
2284;0.637442611074
2285;0.744917176687
2286;0.585666455845
2287;0.503022596994
2288;0.496640366339
2289;0.538076911025
2290;0.547357229769
2291;0.470400596575
2292;0.515430037112
2293;0.472019654841
2294;0.664274407032
2295;0.684798545606
2296;0.734952051763
2297;0.785555125883
2298;0.862757290098
2299;0.847828226647
2300;0.759252682682
2301;0.385864488364
2302;0.268588749299
2303;0.291644493273
2304;0.338425143227
2305;0.278869764867
2306;0.256679553650
2307;0.752320599215
2308;0.874549674497
2309;0.750195461051
2310;0.283434293825
2311;0.355624192102
2312;0.330978873311
2313;0.265153449381
2314;0.322701477041
2315;0.357347078430
2316;0.300978547509
2317;0.308579514702
2318;0.784355858068
2319;0.813817199030
2320;0.816422011863
2321;0.925745835224
2322;0.906847711112
2323;0.956134774610
2324;0.924465903982
2325;0.397872072868
2326;0.332564294776
2327;0.343534917562
2328;0.346251315438
2329;0.329212110109
2330;0.412944234838
2331;0.747079200963
2332;0.832627482836
2333;0.825898450460
2334;0.421484678663
2335;0.420511962982
2336;0.325923352045
2337;0.361729585267
2338;0.421847114253
2339;0.369744055565
2340;0.313655473006
2341;0.339966373548
2342;0.866957721177
2343;0.941945972794
2344;1.021349775862
2345;1.091151931026
2346;1.077955964227
2347;0.939980431546
2348;0.919776819579
2349;0.486118343080
2350;0.276086883305
2351;0.242834523511
2352;0.245073136724
2353;0.297873705405
2354;0.308658843007
2355;0.627230274253
2356;0.694535729499
2357;0.863076233238
2358;0.316442848550
2359;0.273210263762
2360;0.271783068411
2361;0.317142444405
2362;0.282414727902
2363;0.247560580924
2364;0.276467218691
2365;0.323606471679
2366;0.762851914095
2367;0.801947450345
2368;0.923020255451
2369;0.818022295342
2370;0.772784705239
2371;0.948543131490
2372;0.923255825927
2373;0.398018525170
2374;0.331481836398
2375;0.295589213459
2376;0.381470666363
2377;0.335201134199
2378;0.347503033343
2379;0.687093196781
2380;0.979231276063
2381;0.854686709960
2382;0.329869802116
2383;0.329006608246
2384;0.371523228156
2385;0.356623135770
2386;0.335735692528
2387;0.313191558933
2388;0.391120527139
2389;0.341580829563
2390;0.760626136511
2391;0.851603799050
2392;0.902773758496
2393;1.003318724473
2394;0.924744741195
2395;1.006756233374
2396;1.022716932622
2397;0.423816195431
2398;0.323421747669
2399;0.324777618697
2400;0.336742934995
2401;0.272511882866
2402;0.299984874333
2403;0.783277239574
2404;0.845092405075
2405;0.830441154053
2406;0.341723890530
2407;0.371172383070
2408;0.290821756638
2409;0.282474655838
2410;0.291068986621
2411;0.317273551826
2412;0.304100054983
2413;0.288752874142
2414;0.745668498692
2415;0.811509613097
2416;0.851963727190
2417;1.018157608138
2418;0.918212505868
2419;0.951060629175
2420;0.923922527459
2421;0.398502429212
2422;0.327759344733
2423;0.322010104911
2424;0.309054289859
2425;0.405194795481
2426;0.384907027291
2427;0.379456989777
2428;0.751764662954
2429;0.862249699678
2430;0.718094561593
2431;0.641335410289
2432;0.653252687142
2433;0.585541254865
2434;0.623465609737
2435;0.571130136954
2436;0.622776779279
2437;0.656123636066
2438;0.902143916941
2439;0.924887160179
2440;0.994465621394
2441;1.080920845888
2442;0.996013298515
2443;0.941829081090
2444;0.895821097917
2445;0.463155459061
2446;0.423165860640
2447;0.311264195994
2448;0.353647386524
2449;0.399120793708
2450;0.402877183675
2451;0.332759438936
2452;0.700302194357
2453;0.787387726038
2454;0.678736615347
2455;0.572060241079
2456;0.578331908365
2457;0.594264800308
2458;0.545350199911
2459;0.595051999702
2460;0.572311025795
2461;0.625428725056
2462;0.783045233155
2463;0.708589182709
2464;0.924609486092
2465;0.860846034337
2466;1.709922980201
2467;1.866506976710
2468;0.843598217874
2469;0.459780860062
2470;0.277346907762
2471;0.319703186628
2472;0.347456786312
2473;0.310793518192
2474;0.295779367923
2475;0.658497921029
2476;0.973008309676
2477;0.918250842877
2478;0.305813471402
2479;0.330187164017
2480;0.295467163446
2481;0.298721392449
2482;0.318165961453
2483;0.319415493392
2484;0.308000190368
2485;0.292713639823
2486;0.697026721710
2487;0.905821931669
2488;0.840631177668
2489;0.855626544706
2490;1.689642433486
2491;0.948422538442
2492;0.923842539430
2493;0.398085330303
2494;0.332812239475
2495;0.343188946583
2496;0.334395377756
2497;0.323129992466
2498;0.344977958580
2499;0.796789227988
2500;0.812976786014
2501;0.925844411582
2502;0.351874991731
2503;0.391704046680
2504;0.321686090629
2505;0.332373965965
2506;0.350846872632
2507;0.384005898575
2508;0.326329786974
2509;0.352272361403
2510;0.849882943231
2511;0.961842816409
2512;0.962924554881
2513;0.871836974546
2514;0.958702000681
2515;0.886248817249
2516;0.786418615214
2517;0.387594730230
2518;0.366054216345
2519;0.353615438860
2520;0.308662736315
2521;0.384387891001
2522;0.391503685952
2523;0.732718581477
2524;0.876980675901
2525;1.020781987478
2526;0.406945220169
2527;0.330773934275
2528;0.328707777177
2529;0.406091354600
2530;0.385705620207
2531;0.307890910686
2532;0.357551723862
2533;0.416459702650
2534;0.840619420195
2535;0.910884544423
2536;0.901964628225
2537;0.937416695454
2538;0.981111438601
2539;0.904494799566
2540;0.923645842496
2541;0.397927232743
2542;0.332009529271
2543;0.343100827360
2544;0.312308497140
2545;0.346428108668
2546;0.312119594838
2547;0.593806175778
2548;0.824201358163
2549;0.900949857816
2550;0.282195726606
2551;0.313662119557
2552;0.330441543356
2553;0.281290577722
2554;0.311932273208
2555;0.294095405490
2556;0.290133847936
2557;0.320858118957
2558;0.679760675563
2559;0.817904561510
2560;0.962680405502
2561;0.980691660178
2562;0.825493384889
2563;0.968372373181
2564;0.798593991811
2565;0.366810985003
2566;0.359263054567
2567;0.366592810824
2568;0.443180661730
2569;0.360071368683
2570;0.362008084722
2571;0.890475096393
2572;1.091322850920
2573;1.111685997559
2574;0.336708930434
2575;0.399905589931
2576;0.393294452539
2577;0.402302254075
2578;0.406087824096
2579;0.450025403013
2580;0.402076075408
2581;0.330586447780
2582;0.995684057295
2583;1.093278184111
2584;1.188310202549
2585;1.149069813860
2586;1.209899408454
2587;1.816695486073
2588;0.923542707589
2589;0.397931513865
2590;0.327206601194
2591;0.322194544084
2592;0.313923760007
2593;0.285848092167
2594;0.328066237087
2595;0.341121124444
2596;0.542149602827
2597;0.602067486131
2598;0.591104505170
2599;0.488521894298
2600;0.497943682048
2601;0.542620940610
2602;0.568710522037
2603;0.502982020336
2604;0.461836981554
2605;0.560257894353
2606;0.717270845266
2607;0.764938103120
2608;0.760364395544
2609;0.862838264018
2610;0.802845403383
2611;0.876394272798
2612;0.676390420563
2613;0.363700104906
2614;0.302339580569
2615;0.337524380034
2616;0.300220805718
2617;0.316244669251
2618;0.360852352393
2619;0.271347393106
2620;0.635322805664
2621;0.704334506429
2622;0.677634713304
2623;0.570381350386
2624;0.468132867503
2625;0.591487119950
2626;0.546274919819
2627;0.538637962974
2628;0.528735284153
2629;0.529138679403
2630;0.725247709821
2631;0.715184229333
2632;0.880268440195
2633;0.908159875175
2634;0.840042673867
2635;0.744843920837
2636;0.884668299633
2637;0.434431540294
2638;0.327760100181
2639;0.285455832787
2640;0.309152651948
2641;0.325305530728
2642;0.341935559172
2643;0.703669590534
2644;0.910512348843
2645;0.851984094284
2646;0.344668671380
2647;0.324885934306
2648;0.378673780178
2649;0.329690276692
2650;0.311140617418
2651;0.319802139080
2652;0.352934546249
2653;0.304686054329
2654;0.740317401976
2655;0.809503570925
2656;0.902175373651
2657;0.896375216717
2658;1.069985537233
2659;0.928214320651
2660;1.386613918141
2661;0.398399770408
2662;0.332262895267
2663;0.344115170432
2664;0.345972716800
2665;0.329764289139
2666;0.305057899105
2667;0.755838504050
2668;0.935158361013
2669;0.722182918061
2670;0.326368807983
2671;0.369161931049
2672;0.314570917538
2673;0.316522751619
2674;0.284946594750
2675;0.333872191600
2676;0.353932098775
2677;0.267569280004
2678;0.744668763931
2679;0.907712411999
2680;0.924902639052
2681;0.871883596511
2682;0.957973733416
2683;1.834833219683
2684;0.797699472629
2685;0.333154708013
2686;0.329209657047
2687;0.358590067008
2688;0.313515076560
2689;0.305099446329
2690;0.342632816680
2691;0.751861662403
2692;0.984305679086
2693;0.969733097867
2694;0.376175533547
2695;0.403751636269
2696;0.315780357199
2697;0.345195607671
2698;0.375927809301
2699;0.392767986504
2700;0.366764980505
2701;0.335414075412
2702;0.874855870059
2703;0.980949513404
2704;0.954318165754
2705;1.152517144471
2706;1.009740196006
2707;0.949246455581
2708;0.923464607288
2709;0.398324805334
2710;0.332874993420
2711;0.335552335527
2712;0.332038589784
2713;0.323491960943
2714;0.395225220325
2715;0.808641220176
2716;0.820000258918
2717;1.001058763291
2718;0.373280668032
2719;0.338862915093
2720;0.358375320973
2721;0.332725346367
2722;0.353154743727
2723;0.296653492390
2724;0.379150439989
2725;0.362939713631
2726;0.820786069142
2727;0.789208291959
2728;1.069345426744
2729;1.072082806738
2730;0.902663239874
2731;0.920588375970
2732;0.918742355961
2733;0.451917261918
2734;0.317065987215
2735;0.363379300459
2736;0.411054614254
2737;0.404169449029
2738;0.359132037587
2739;0.737888061321
2740;0.886526782738
2741;0.935866065942
2742;0.364854202653
2743;0.332720419856
2744;0.398572152567
2745;0.348401008352
2746;0.318456041599
2747;0.397511427058
2748;0.349353560794
2749;0.347493134430
2750;0.834546630792
2751;0.887398902337
2752;1.082529016609
2753;1.002266764453
2754;0.952905238412
2755;0.928969868272
2756;0.983344111576
2757;0.398578556909
2758;0.326884716813
2759;0.321750643155
2760;0.317170194031
2761;0.335703169784
2762;0.285745368244
2763;0.318621500995
2764;0.546996837734
2765;0.548191605980
2766;0.583022872605
2767;0.536864025161
2768;0.523287496275
2769;0.422819547224
2770;0.449546670624
2771;0.551525216938
2772;0.520810561352
2773;0.472092409323
2774;0.703754092402
2775;1.764513569259
2776;0.779418052977
2777;0.764993225184
2778;0.835598993529
2779;0.791104702627
2780;0.624737168770
2781;0.343785222826
2782;0.328082975871
2783;0.308846467519
2784;0.303867514868
2785;0.260059456168
2786;0.330899659865
2787;0.315761582231
2788;0.581503035176
2789;0.618658525526
2790;0.655411985861
2791;0.554210398516
2792;0.848840570980
2793;0.481420384317
2794;0.569559535719
2795;0.536341441339
2796;0.527768272569
2797;0.492660917810
2798;0.621752444381
2799;0.769137022575
2800;0.782379339660
2801;0.853574640845
2802;0.849033114728
2803;0.808764829710
2804;0.802444295329
2805;0.396975461108
2806;0.336457855081
2807;0.338580689855
2808;0.300588936054
2809;0.371956416389
2810;0.357955959713
2811;0.746897600682
2812;0.859623875428
2813;1.024978001402
2814;0.305443901840
2815;0.335214919415
2816;0.312017948753
2817;0.375062579166
2818;0.314822381550
2819;0.350025272546
2820;0.343297277114
2821;0.353787648076
2822;0.769322771710
2823;0.845748501757
2824;0.951364189803
2825;0.919479047134
2826;0.892334983510
2827;0.939409546950
2828;0.924299243512
2829;0.398203452842
2830;0.332239076034
2831;0.343931158077
2832;0.335333725391
2833;0.287673401635
2834;0.272645868969
2835;0.669760653420
2836;0.891916541371
2837;0.743902671485
2838;0.266644702325
2839;0.323764691847
2840;0.349787033759
2841;0.272268993096
2842;0.276777127851
2843;0.293477028623
2844;0.298009536363
2845;0.288823079039
2846;0.711168278326
2847;0.874334553533
2848;0.797196157881
2849;0.888542214087
2850;0.868048762251
2851;0.936675470787
2852;0.783037854820
2853;0.367150329819
2854;0.297840304744
2855;0.338963205350
2856;0.389400409180
2857;0.334582607576
2858;0.371559680516
2859;0.824738073863
2860;0.875816128923
2861;0.843256756675
2862;0.383838404838
2863;0.338684691777
2864;0.323716334354
2865;0.291379670372
2866;0.326235647852
2867;0.338375564094
2868;0.302197119838
2869;0.307266404162
2870;0.908944861644
2871;0.883599076776
2872;0.915548192636
2873;1.045843890540
2874;0.958608755144
2875;0.881322563805
2876;0.904666838986
2877;0.384711639785
2878;0.192609317928
2879;0.176499536086
2880;0.197570890000
2881;0.181907877173
2882;0.200994686891
2883;0.547716201644
2884;0.790709761333
2885;0.703345666902
2886;0.234288905047
2887;0.239470933593
2888;0.196109070050
2889;0.230485078147
2890;0.245342121925
2891;0.209399947009
2892;0.233065922308
2893;0.241885434253
2894;0.695186545868
2895;0.887561758352
2896;0.830757504475
2897;0.854791421072
2898;0.949682243433
2899;0.869448345573
2900;0.726476387768
2901;0.267154854350
2902;0.188203718254
2903;0.175951776103
2904;0.178533785014
2905;0.204966275666
2906;0.190719629736
2907;0.638839006520
2908;0.707371678688
2909;0.755545391615
2910;0.215377125597
2911;0.230088141892
2912;0.207125601578
2913;0.218143952813
2914;0.223683857443
2915;0.235863983033
2916;0.217193630298
2917;0.213178759895
2918;0.667627404995
2919;0.852617778424
2920;0.854644903989
2921;0.850380495269
2922;0.940552137726
2923;0.949651470935
2924;0.764976615348
2925;0.279492747125
2926;0.229413331104
2927;0.218669333212
2928;0.219562292189
2929;0.188062929899
2930;0.182349813463
2931;0.190517490039
2932;0.486362757464
2933;0.604520885406
2934;0.557141414795
2935;0.414635083718
2936;0.396807583937
2937;0.484083697098
2938;0.490015924460
2939;0.499910986055
2940;0.472913645217
2941;1.270244728575
2942;0.650658503633
2943;0.755558368270
2944;0.836871661763
2945;1.534356447399
2946;0.861892124704
2947;0.742044658881
2948;0.732818290057
2949;0.287560627253
2950;0.187837680477
2951;0.184954841999
2952;0.193284007736
2953;0.175458972467
2954;0.165731273138
2955;0.186819248333
2956;0.415639125622
2957;0.530845392481
2958;0.485206909935
2959;0.401177131212
2960;0.427967075943
2961;0.403030629231
2962;0.383885349579
2963;0.377899919251
2964;0.420758727432
2965;0.426993836045
2966;0.528815618713
2967;0.700457271793
2968;0.725993316921
2969;0.677770890700
2970;0.655360070882
2971;0.630739089449
2972;0.653122162474
2973;0.224250780890
2974;0.193020216184
2975;0.180695196122
2976;0.162445287389
2977;0.170626050791
2978;0.195266494391
2979;0.508265214424
2980;0.705334383194
2981;0.662046060308
2982;0.206000426296
2983;0.193665398297
2984;0.215446467727
2985;0.217945619805
2986;0.201466047035
2987;0.180653352559
2988;0.188702151840
2989;0.189131140759
2990;0.642387110680
2991;0.666209384398
2992;0.799228377942
2993;0.823122645758
2994;0.783022154021
2995;0.877385349726
2996;0.764899905499
2997;0.279012582185
2998;0.204835369460
2999;0.195526473151
3000;0.196337738928
3001;0.197367075545
3002;0.200497874219
3003;0.631724705150
3004;0.758908592113
3005;0.759480395798
3006;0.240688152558
3007;0.226404647230
3008;0.200172999155
3009;0.227898273490
3010;0.201407917323
3011;0.208936472620
3012;0.214304969394
3013;0.223600999268
3014;0.783166800343
3015;0.764884650562
3016;0.792589133371
3017;0.856371906225
3018;0.940524361043
3019;0.876218364761
3020;0.757427680180
3021;0.289850870547
3022;0.162481212706
3023;0.187854877255
3024;0.198186916691
3025;0.177874397360
3026;0.166988235933
3027;0.511158644055
3028;0.668254279122
3029;0.744441506942
3030;0.216279378925
3031;0.188968585976
3032;0.195729337664
3033;0.197239160986
3034;0.221862446554
3035;0.218478633208
3036;0.194018449435
3037;0.214968143689
3038;0.618404820865
3039;0.803853415175
3040;0.875704632291
3041;0.763690680414
3042;0.791974803440
3043;0.811881015857
3044;0.765619777280
3045;0.279472297323
3046;0.204604245660
3047;0.200153022655
3048;0.203011998627
3049;0.187413610936
3050;0.206688951320
3051;0.712971239417
3052;0.754069599146
3053;0.831763934570
3054;0.264188050625
3055;0.229420745550
3056;0.231516898333
3057;0.261619345283
3058;0.268245039484
3059;0.236864220006
3060;0.220662388394
3061;0.263968867373
3062;0.821782999131
3063;0.886103503461
3064;0.858014813773
3065;1.063925745937
3066;0.997137773553
3067;0.890088977077
3068;0.800219256683
3069;0.303850592224
3070;0.179512347161
3071;0.159515905036
3072;0.179359902461
3073;0.189005995655
3074;0.163523787213
3075;0.541443199501
3076;0.608568541056
3077;0.733425170991
3078;0.192664631075
3079;0.191531855033
3080;0.183874060704
3081;0.222801103648
3082;0.220740147396
3083;0.216910922503
3084;0.196833105592
3085;0.200289650278
3086;0.594198690474
3087;0.714937781118
3088;0.718844692711
3089;0.848818332984
3090;1.720888394136
3091;0.745045959443
3092;0.616815390440
3093;0.279148186174
3094;0.230088076843
3095;0.218411620784
3096;0.225844408803
3097;0.231279585057
3098;0.205637907505
3099;0.179885557184
3100;0.480740101135
3101;0.554933317718
3102;0.606974002416
3103;0.490388423822
3104;0.472536245751
3105;0.425080673117
3106;1.502975615593
3107;0.490075363334
3108;0.443950506731
3109;0.518531138423
3110;0.733026235406
3111;0.664416469172
3112;0.746066213568
3113;0.845088599338
3114;0.866149794701
3115;0.838218633567
3116;0.711401767875
3117;0.261061459450
3118;0.236025669165
3119;0.217993289535
3120;0.231991949048
3121;0.234841584267
3122;0.209107447327
3123;0.218211595445
3124;0.560435763684
3125;0.597562185663
3126;0.630502524135
3127;0.518677601734
3128;0.454028704649
3129;0.530099094544
3130;0.542094866799
3131;0.537194990095
3132;0.538659875987
3133;0.595275349822
3134;0.752103520018
3135;0.745268318416
3136;0.952448563361
3137;0.896686404641
3138;0.818870507329
3139;0.915453843502
3140;0.812551022440
3141;0.283676306771
3142;0.207524357770
3143;0.189713306528
3144;0.193993676639
3145;0.185698014280
3146;0.196675379298
3147;0.625492635893
3148;0.621780348575
3149;0.656597393910
3150;0.193847291837
3151;0.232516656528
3152;0.197683306810
3153;0.196239949335
3154;0.216600283463
3155;0.193797602238
3156;0.189349675251
3157;0.213972816633
3158;0.706738625285
3159;0.824163959193
3160;0.830415288628
3161;0.833943314320
3162;0.925923703488
3163;0.714078960441
3164;0.764742454922
3165;0.278975767913
3166;0.205176939327
3167;0.199897383006
3168;0.198137518440
3169;0.203277306149
3170;0.198262993906
3171;0.636038942675
3172;0.847666307982
3173;0.876745627736
3174;0.222657332052
3175;0.239718273343
3176;0.224164641340
3177;0.265955967956
3178;0.229993902789
3179;0.241423848528
3180;0.234047897943
3181;0.256875883580
3182;0.842584166313
3183;0.838327137446
3184;0.916591550422
3185;1.032292010800
3186;1.043568980804
3187;0.907167525526
3188;0.916436000469
3189;0.276125412259
3190;0.189939138356
3191;0.197865675840
3192;0.192361708876
3193;0.201326085055
3194;0.185800442689
3195;0.607634312359
3196;0.684965124890
3197;0.784784451228
3198;0.212465436555
3199;0.220017825484
3200;0.207875815435
3201;0.206255540330
3202;0.189884414580
3203;0.211578382939
3204;0.207393464039
3205;0.188925171649
3206;0.743848564071
3207;0.740098274955
3208;0.832738558640
3209;0.895348565318
3210;0.883612045897
3211;0.877235447681
3212;0.765557868577
3213;0.278816805984
3214;0.204205744727
3215;0.187902057474
3216;0.219492020848
3217;0.183051421303
3218;0.181405668470
3219;0.606326824512
3220;0.830705470932
3221;0.713306042489
3222;0.223596551924
3223;0.249275978118
3224;0.211796808410
3225;0.227934496607
3226;0.226592857156
3227;0.243688776683
3228;0.226489622247
3229;0.245506383924
3230;0.757223680392
3231;0.840777776819
3232;0.870178473320
3233;0.873701159886
3234;0.932162535717
3235;0.861367112702
3236;0.774436220569
3237;0.261727569004
3238;0.209816152189
3239;0.211057346949
3240;0.203009402448
3241;0.185154075396
3242;0.209850033737
3243;0.547719394311
3244;0.740353688091
3245;0.816240132654
3246;0.205679760971
3247;0.213841054783
3248;0.199057895346
3249;0.219941704562
3250;0.226461611662
3251;0.199265426113
3252;0.232328157144
3253;0.214207932005
3254;0.680170740478
3255;0.755266120307
3256;0.804415639017
3257;0.977355205878
3258;0.798682301089
3259;0.877441864503
3260;0.765418826558
3261;0.279456410310
3262;0.229371083537
3263;0.213845327072
3264;0.160173579863
3265;0.177753092997
3266;0.189916329811
3267;0.187686013693
3268;0.456273925261
3269;0.513512735675
3270;0.452522115786
3271;1.071315415551
3272;0.404150830706
3273;0.356834528656
3274;0.429375754827
3275;0.389734294966
3276;0.460511763469
3277;0.397250112985
3278;0.592701942562
3279;0.708535178448
3280;0.614257359836
3281;0.655941243964
3282;0.634583308554
3283;0.665084331893
3284;0.655231419352
3285;0.252843445242
3286;0.211597549501
3287;0.206242745698
3288;0.216219838214
3289;0.243220363469
3290;0.203201239970
3291;0.221682231597
3292;0.610723312111
3293;0.595965220000
3294;0.634004775214
3295;0.458449951365
3296;0.520426635904
3297;0.545575235929
3298;0.502101411885
3299;0.580029466973
3300;0.582218804513
3301;0.557583894395
3302;0.746317900141
3303;0.875493093577
3304;1.512149353771
3305;0.934972829285
3306;0.877342300990
3307;0.844460792043
3308;0.719717085427
3309;0.293238220778
3310;0.197238890535
3311;0.187880016385
3312;0.208141225508
3313;0.192530556808
3314;0.200248959287
3315;0.635891185794
3316;0.714857399908
3317;0.732195725205
3318;0.234282990260
3319;0.217691267946
3320;0.217585838586
3321;0.217597637358
3322;0.220197821828
3323;0.244731779742
3324;0.229861688540
3325;0.216351604286
3326;0.670568980754
3327;0.783928260587
3328;0.885866432677
3329;0.794606911244
3330;0.916926110321
3331;0.893272346581
3332;0.707450738076
3333;0.279446063275
3334;0.204854088926
3335;0.199917610600
3336;0.208801392616
3337;0.199010696378
3338;0.198547962285
3339;0.626908016394
3340;0.729409359278
3341;0.701516673547
3342;0.200632403322
3343;0.205304091012
3344;0.221437967000
3345;0.218685336784
3346;0.200094965003
3347;0.188289069394
3348;0.222526959291
3349;0.192002280865
3350;0.709580325431
3351;0.781970938659
3352;0.836639434649
3353;0.854773164402
3354;0.810937786056
3355;0.769527401985
3356;0.792420493110
3357;0.245613074624
3358;0.215036724510
3359;0.226278068016
3360;0.203500619673
3361;0.229931763693
3362;0.194419547311
3363;0.616021170990
3364;0.779981300675
3365;0.778470406057
3366;0.264695280096
3367;0.259016089058
3368;0.242682426098
3369;0.239482712140
3370;0.241665769906
3371;0.215657132069
3372;0.231124187205
3373;0.230171878907
3374;0.862530673599
3375;0.882876954894
3376;0.934252953718
3377;0.959093583909
3378;0.878291438327
3379;0.960304885698
3380;0.765794297576
3381;0.278876755846
3382;0.204876676265
3383;0.199211626789
3384;0.195231359031
3385;0.163862712870
3386;0.174221391498
3387;0.576163890011
3388;0.737149062341
3389;0.725283487201
3390;0.208912422805
3391;0.228273345501
3392;0.198914717953
3393;0.210382373745
3394;0.195996392494
3395;0.200294812612
3396;0.193615348838
3397;0.196844786329
3398;0.621064155280
3399;0.712993258766
3400;0.814781828932
3401;0.878239358895
3402;0.822864335352
3403;0.705502221331
3404;0.666417126514
3405;0.238293957393
3406;0.196958294978
3407;0.210163188955
3408;0.196330576968
3409;0.191835321498
3410;0.200608318859
3411;0.669129840234
3412;0.826035653048
3413;0.692830232179
3414;0.217749126025
3415;0.203722339527
3416;0.219661492092
3417;0.216510668623
3418;0.228825245592
3419;0.203910956218
3420;0.198168220216
3421;0.241834434585
3422;0.743984979206
3423;0.825533578779
3424;0.790508578296
3425;0.851650134142
3426;1.491895465538
3427;0.909085325148
3428;0.765258261017
3429;0.279588326488
3430;0.229880534372
3431;0.218258070016
3432;0.225913621700
3433;0.220552896611
3434;0.210556822791
3435;0.215571425605
3436;0.460976069015
3437;0.586615624516
3438;0.617456534003
3439;0.451640155604
3440;0.475407264737
3441;0.491144055714
3442;0.498597935335
3443;0.920186175043
3444;0.470067700218
3445;0.562061187586
3446;0.638711219397
3447;0.779225959666
3448;0.767278058905
3449;0.764065086851
3450;0.759803683332
3451;0.809231040682
3452;0.788819450719
3453;0.274784502598
3454;0.217806615761
3455;0.193132166606
3456;0.213800556546
3457;0.209111047578
3458;0.202930539068
3459;0.214256557398
3460;0.540571783582
3461;0.592214321944
3462;0.615610126903
3463;0.410873526705
3464;0.479692172082
3465;0.452875734277
3466;0.498532149625
3467;0.503788459209
3468;0.498278947616
3469;0.441560515714
3470;0.621779525912
3471;0.788370464859
3472;0.775060245540
3473;0.791551448660
3474;0.742993134845
3475;0.783499790262
3476;0.734744010439
3477;0.267736896514
3478;0.202431449569
3479;0.217224032421
3480;0.230381442863
3481;0.207185373584
3482;0.192579167753
3483;0.661279160723
3484;0.731469979192
3485;0.817140384396
3486;0.233366325334
3487;0.218077877900
3488;0.231207803252
3489;0.210553274628
3490;0.242660238628
3491;0.259936810792
3492;0.234831156638
3493;0.211837964549
3494;0.770802399880
3495;0.962648763561
3496;0.936720407676
3497;0.980932483145
3498;0.954557565418
3499;0.832079133035
3500;0.765692642471
3501;0.278987756545
3502;0.205358542174
3503;0.200256603068
3504;0.204941662708
3505;0.187380226416
3506;0.217117349037
3507;0.598246114067
3508;0.771797776027
3509;0.799028070028
3510;0.237095157321
3511;0.247976085765
3512;0.221269899887
3513;0.237009703833
3514;0.231291650082
3515;0.251812097008
3516;0.210574147675
3517;0.213071922961
3518;0.846440662975
3519;0.938333941817
3520;0.907688094301
3521;0.944000783241
3522;0.960024678999
3523;0.802054857152
3524;0.875467401029
3525;0.276259563572
3526;0.173428584305
3527;0.159642155581
3528;0.176049644567
3529;0.183352563295
3530;0.167951690799
3531;0.548566809480
3532;0.693183754355
3533;0.669300281131
3534;0.207975566971
3535;0.209335414873
3536;0.211958548708
3537;0.218666816978
3538;0.201554282399
3539;0.208497466758
3540;0.206641207735
3541;0.183513402961
3542;0.576643390262
3543;0.771412395301
3544;0.744129544645
3545;0.711351299242
3546;0.844501884342
3547;0.877840467424
3548;0.765296973110
3549;0.278879863374
3550;0.204607933918
3551;0.199613336532
3552;0.201681242696
3553;0.187363560348
3554;0.168479695081
3555;0.626353589063
3556;0.693560487326
3557;0.695532223178
3558;0.227659240922
3559;0.237672241389
3560;0.209040288349
3561;0.225095523434
3562;0.230577990360
3563;0.201055901014
3564;0.239568367634
3565;0.233796933389
3566;0.627193409842
3567;0.847781778666
3568;0.805861763940
3569;0.929206131982
3570;0.891133210234
3571;0.884817541467
3572;0.710338338486
3573;0.238820101757
3574;0.162594279719
3575;0.186405311550
3576;0.185239645754
3577;0.185540948416
3578;0.194257842486
3579;0.618090229058
3580;0.621544861404
3581;0.725476773518
3582;0.186156460607
3583;0.205972621041
3584;0.206009503508
3585;0.221843234528
3586;0.208518153726
3587;0.218931258571
3588;0.217424198897
3589;0.209956380809
3590;0.602657836425
3591;0.678179935485
3592;0.799822866386
3593;0.757035555966
3594;0.873062059180
3595;0.799618050071
3596;0.748906382601
3597;0.266875019004
3598;0.231301045804
3599;0.206401648100
3600;0.200776987425
3601;0.228236879575
3602;0.237674239623
3603;0.212005414861
3604;0.462109202259
3605;0.582155463123
3606;0.583248169107
3607;0.467369206076
3608;1.549204129692
3609;0.506084663730
3610;0.445264530370
3611;0.506736797951
3612;0.530431222038
3613;0.914982713681
3614;0.620225540695
3615;0.791865876378
3616;0.841577993234
3617;0.887418593873
3618;0.882559037948
3619;0.763817101335
3620;0.707118104294
3621;0.309089989391
3622;0.186946881502
3623;0.172127486056
3624;0.168634047287
3625;0.181596730696
3626;0.171856696338
3627;0.166304895391
3628;0.486934820692
3629;0.532559962519
3630;0.503018500475
3631;0.407229533272
3632;0.394554376849
3633;0.458743918613
3634;0.495414132239
3635;0.557702867836
3636;0.519305496829
3637;0.572483542010
3638;0.726402695187
3639;0.914453112255
3640;0.894156928080
3641;0.848323532868
3642;0.861946936721
3643;0.851101442037
3644;0.606203186902
3645;0.243378506367
3646;0.124694711014
3647;0.138967878708
3648;0.119560236844
3649;0.121286538973
3650;0.145054771308
3651;0.485815973371
3652;0.555645460918
3653;0.610773280944
3654;0.159909931772
3655;0.155545967337
3656;0.140454924599
3657;0.140027660131
3658;0.166257550859
3659;0.156032286853
3660;0.165040674035
3661;0.140143128643
3662;0.793744781549
3663;0.826007240446
3664;0.808998464830
3665;0.915783217810
3666;0.827629080597
3667;0.746659332849
3668;0.716918539675
3669;0.227130765512
3670;0.155664277838
3671;0.156561238001
3672;0.118101930070
3673;0.145443986819
3674;0.120360395492
3675;0.434924423555
3676;0.578472351152
3677;0.581663817128
3678;0.169599001293
3679;0.151414435750
3680;0.165276099269
3681;0.152177102289
3682;0.146782170532
3683;0.155510679963
3684;0.157798093823
3685;0.160878492228
3686;0.612098642620
3687;0.715823358014
3688;0.744569888137
3689;0.861047518052
3690;0.810930216666
3691;0.643529863304
3692;0.567805844298
3693;0.183488530484
3694;0.131062512522
3695;0.129390759964
3696;0.126402215790
3697;0.144412205080
3698;0.147552129703
3699;0.457670867743
3700;0.608933161432
3701;0.619124474117
3702;0.151046843977
3703;0.162629359693
3704;0.179980388154
3705;0.151460471190
3706;0.166574046584
3707;0.178303467187
3708;0.171675956196
3709;0.178184042846
3710;0.735984072887
3711;0.860741623157
3712;0.758217521042
3713;0.861913148810
3714;0.788291665959
3715;0.828224316993
3716;0.717265483495
3717;0.227144306408
3718;0.155413459983
3719;0.157327022836
3720;0.162426966966
3721;0.149153220476
3722;0.153185764010
3723;0.531803501827
3724;0.606018918948
3725;0.722746070556
3726;0.196137820317
3727;0.168417616625
3728;0.165085335836
3729;0.170042706468
3730;0.165303816327
3731;0.181509028554
3732;0.196685367437
3733;0.173720280688
3734;0.761977628133
3735;0.870569629097
3736;1.068503272877
3737;0.936679668199
3738;0.921086179124
3739;0.854271146464
3740;0.676442303741
3741;0.210024072570
3742;0.143612165185
3743;0.167262191261
3744;0.167213920578
3745;0.172579187134
3746;0.156149554548
3747;0.600096748012
3748;0.653013602673
3749;0.631312788247
3750;0.173564414717
3751;0.176792178252
3752;0.188210233016
3753;0.203252186227
3754;0.173160574273
3755;0.181998732434
3756;0.174805443806
3757;0.176609043978
3758;0.941989257640
3759;0.944704948668
3760;0.953334834270
3761;0.972881988599
3762;0.935241058238
3763;0.887066781016
3764;0.716843194751
3765;0.227008494866
3766;0.168118614256
3767;0.150345062528
3768;0.149612505477
3769;0.147556584870
3770;0.154320920317
3771;0.131237528345
3772;0.377388655142
3773;0.395162398190
3774;0.411716960893
3775;0.331390143115
3776;0.322379011983
3777;0.329519061531
3778;0.364980225185
3779;0.450367817973
3780;0.456252886500
3781;0.487242472788
3782;0.670920356806
3783;0.650921143644
3784;0.772506677490
3785;1.147102209941
3786;0.758748414732
3787;0.691907623454
3788;0.496045648262
3789;0.203151528002
3790;0.145616424221
3791;0.145361753846
3792;0.177024835371
3793;0.170130232807
3794;0.147797068813
3795;0.150532634693
3796;0.389639514350
3797;0.487143285158
3798;0.512631424711
3799;0.425305721208
3800;0.426601279344
3801;0.355357709592
3802;0.421822302045
3803;1.076402944555
3804;0.501527886264
3805;0.584520795784
3806;0.822988760224
3807;0.861919054571
3808;1.341213645067
3809;0.787230934754
3810;0.847206577457
3811;0.739004325006
3812;0.635203222265
3813;0.212445622003
3814;0.124392724893
3815;0.118172253406
3816;0.124423912981
3817;0.119060431059
3818;0.138979762477
3819;0.480272428803
3820;0.545158071983
3821;0.547471397170
3822;0.161869977880
3823;0.151774507278
3824;0.146906847930
3825;0.144567743937
3826;0.171475850625
3827;0.169658862038
3828;0.173240087904
3829;0.149766028315
3830;0.705905800607
3831;0.716239206861
3832;0.833057976679
3833;0.859651869340
3834;0.747634704643
3835;0.760658329602
3836;0.614725956322
3837;0.227094440429
3838;0.156207818973
3839;0.158019063215
3840;0.167877864536
3841;0.160890539853
3842;0.155121286159
3843;0.515262970202
3844;0.717167364522
3845;0.794549411227
3846;0.202664941393
3847;0.192448569923
3848;0.202334601844
3849;0.184074091933
3850;0.185033984287
3851;0.182105352859
3852;0.213569013309
3853;0.190658966880
3854;0.814978140051
3855;0.963422995265
3856;1.121950036555
3857;0.952313821302
3858;0.920841081982
3859;1.736241601785
3860;0.756090811415
3861;0.223197636356
3862;0.136013580736
3863;0.139050016649
3864;0.129430857530
3865;0.149338373731
3866;0.148003555344
3867;0.474016846590
3868;0.533920918150
3869;0.597034738078
3870;0.165080249899
3871;0.153806316043
3872;0.149282070157
3873;0.162328808955
3874;0.146816368595
3875;0.172662630089
3876;0.150535271181
3877;0.157513509174
3878;0.665277033132
3879;0.733787080886
3880;0.861035363581
3881;0.857502587781
3882;0.812113272968
3883;0.703547399290
3884;0.636447415461
3885;0.226663960122
3886;0.155636817553
3887;0.158034228588
3888;0.167922256186
3889;0.160927138030
3890;0.155282492294
3891;0.545278642923
3892;0.613618430150
3893;0.639715831297
3894;0.202282477157
3895;0.200813091969
3896;0.163398042209
3897;0.177144664876
3898;0.185137158186
3899;0.165944418686
3900;0.186287666129
3901;0.187836393765
3902;0.773768484590
3903;0.967454106650
3904;0.873286518350
3905;0.980462343623
3906;0.890338966905
3907;1.640677995041
3908;0.704925084431
3909;0.214315835013
3910;0.128240613400
3911;0.143882213578
3912;0.129964669476
3913;0.136694394565
3914;0.143940735089
3915;0.443049309454
3916;0.571735137549
3917;0.555538204068
3918;0.160122780989
3919;0.176970457834
3920;0.156973692261
3921;0.179614747114
3922;0.178530442251
3923;0.161944716433
3924;0.153593357904
3925;0.154290726651
3926;0.663602336148
3927;0.779787217501
3928;0.887201356136
3929;0.836229544573
3930;0.766593947964
3931;1.047707951188
3932;0.716904269596
3933;0.227162518413
3934;0.168170416264
3935;0.157265039184
3936;0.168434481629
3937;0.169162872566
3938;0.163659450208
3939;0.175674211480
3940;0.464645238857
3941;0.502214532407
3942;0.443541020794
3943;0.414465183782
3944;0.375782138513
3945;0.426271682077
3946;0.406653037967
3947;0.516808541103
3948;0.475565320777
3949;0.576993776245
3950;0.728214431383
3951;0.751664875950
3952;0.774444427696
3953;0.752814490167
3954;0.766634667324
3955;0.652169414156
3956;0.595837291464
3957;0.240539737439
3958;0.156017864860
3959;0.161582050227
3960;0.162575816502
3961;0.175557405636
3962;0.171327926339
3963;0.167870016213
3964;0.415650965229
3965;0.527771905141
3966;0.519241061132
3967;0.381220165545
3968;0.346080189767
3969;0.424983119267
3970;0.420138380279
3971;0.440333823016
3972;0.512506907677
3973;0.500296079988
3974;0.813546699047
3975;0.831940463186
3976;0.889850787887
3977;0.762142191871
3978;0.815158394494
3979;0.728240795443
3980;0.603610250647
3981;0.210074512601
3982;0.162930835457
3983;0.156878580861
3984;0.174581762525
3985;0.185221565407
3986;0.169179881493
3987;0.624525335687
3988;0.792403000615
3989;0.661622991202
3990;0.192514891932
3991;0.207640710695
3992;0.190966911017
3993;0.209776255047
3994;0.219670863491
3995;0.219951349584
3996;0.206449617429
3997;0.190731267290
3998;0.903885695807
3999;0.929821111495
4000;0.990596589998
4001;1.045635885965
4002;1.468099227622
4003;0.896263649366
4004;0.717358192659
4005;0.227068892233
4006;0.155541691894
4007;0.157241453179
4008;0.167426895689
4009;0.151720461956
4010;0.171688992811
4011;0.615272781734
4012;0.734130900250
4013;0.686488565931
4014;0.181375187493
4015;0.207705765433
4016;0.205875568629
4017;0.208068423120
4018;0.202199466842
4019;0.178145827752
4020;0.191800872610
4021;0.187018580809
4022;0.819590162496
4023;0.942740012561
4024;0.989468209309
4025;1.009873819221
4026;1.034000795097
4027;0.935641164802
4028;0.718319140816
4029;0.214702217273
4030;0.160499739573
4031;0.169422924159
4032;0.156024855264
4033;0.149131745440
4034;0.171722247376
4035;0.599769048132
4036;0.649102393677
4037;0.688072835064
4038;0.186220515364
4039;0.177259106242
4040;0.177993807109
4041;0.196443019403
4042;0.179895257464
4043;0.209817761459
4044;0.205603154841
4045;0.183656859311
4046;0.759676722910
4047;0.996098330849
4048;0.849515897787
4049;1.033382373603
4050;1.006716006457
4051;0.825586391160
4052;0.717036344498
4053;0.227148257041
4054;0.155749158392
4055;0.157947071573
4056;0.167339859015
4057;0.149964850972
4058;0.154473414855
4059;0.590090157205
4060;0.745870891045
4061;0.727443837392
4062;0.203941090786
4063;0.179493087118
4064;0.182527841131
4065;0.214001090298
4066;0.191179351016
4067;0.178019162171
4068;0.212113061644
4069;0.200098172224
4070;0.866804127501
4071;1.064598948712
4072;0.896581684949
4073;0.982522435679
4074;0.888783823924
4075;0.802638267142
4076;0.739964296043
4077;0.214757271701
4078;0.146156685424
4079;0.145536646099
4080;0.163124634621
4081;0.168934047159
4082;0.149835783360
4083;0.549303057579
4084;0.725179475233
4085;0.620813568989
4086;0.191470157035
4087;0.196813896279
4088;0.170921214645
4089;0.204830447207
4090;0.187409378818
4091;0.205504545581
4092;0.201663733427
4093;0.204188249497
4094;0.906084100214
4095;0.938193394264
4096;0.898212339319
4097;0.933280100378
4098;0.929022997892
4099;0.886973732133
4100;0.716724632259
4101;0.226741278972
4102;0.167674761808
4103;0.148965900437
4104;0.156603513253
4105;0.134284880898
4106;0.155671819623
4107;0.147015206811
4108;0.371969849649
4109;0.496470381673
4110;0.437319336414
4111;0.368787822788
4112;0.364929424839
4113;0.321088738975
4114;0.393394533652
4115;0.465366616828
4116;0.495002196502
4117;0.559391788640
4118;0.730770907782
4119;0.801428319759
4120;1.216129879774
4121;0.818160700451
4122;0.821400382572
4123;0.727668034762
4124;0.582250613881
4125;0.201456127569
4126;0.153042876744
4127;0.137304006285
4128;0.147026113963
4129;0.132696087823
4130;0.137483777937
4131;0.144793987816
4132;0.339125812429
4133;0.410789593018
4134;0.444036473761
4135;0.362534434304
4136;0.382954883934
4137;0.376563736560
4138;0.378813116463
4139;0.982286440507
4140;0.437372492972
4141;0.473801159630
4142;1.329069968694
4143;0.768820586449
4144;0.863204708738
4145;0.740306777540
4146;0.762046580586
4147;0.740357700795
4148;0.581547567489
4149;0.214543766073
4150;0.140144447055
4151;0.145622587831
4152;0.155420365161
4153;0.151422496792
4154;0.155022430055
4155;0.512875750674
4156;0.627571616655
4157;0.561485556839
4158;0.177585284961
4159;0.177030384094
4160;0.160655515150
4161;0.177983519609
4162;0.153061906059
4163;0.171834510138
4164;0.173856213052
4165;0.180757513008
4166;0.824628788500
4167;0.959788110375
4168;0.934169051759
4169;0.817204955512
4170;0.784714192790
4171;0.792962253653
4172;0.553315453238
4173;0.226962020907
4174;0.155840644968
4175;0.157399653714
4176;0.167244852146
4177;0.149672582087
4178;0.154163507662
4179;0.531812356733
4180;0.718219274577
4181;0.685841187108
4182;0.184660764969
4183;0.183039209621
4184;0.181186820717
4185;0.186195532641
4186;0.199922593515
4187;0.188854639064
4188;0.181044131063
4189;0.174495350126
4190;0.848784475818
4191;0.899899396444
4192;1.043960776956
4193;0.954499929276
4194;0.961394089387
4195;0.898689768404
4196;0.750655476742
4197;0.230037738883
4198;0.157282059319
4199;0.177831458384
4200;0.156427668426
4201;0.152676172992
4202;0.158220260030
4203;0.501236130896
4204;0.684985788832
4205;0.758876966418
4206;0.202876587627
4207;0.192467292864
4208;0.196738348555
4209;0.184628654756
4210;0.186035332813
4211;0.197572139164
4212;0.212110659598
4213;0.213723948195
4214;0.967386383113
4215;0.966153477581
4216;1.030864348448
4217;0.965059078547
4218;1.044982704078
4219;0.887481318182
4220;0.716970333451
4221;0.226479008736
4222;0.155304139665
4223;0.151423222077
4224;0.155454187413
4225;0.179866285796
4226;0.159671223098
4227;0.591059101312
4228;0.763963852821
4229;0.738986861663
4230;0.212492441269
4231;0.209746043093
4232;0.187141652250
4233;0.185131063606
4234;0.195027969546
4235;0.211018457324
4236;0.208837629476
4237;0.200176934421
4238;0.900492954874
4239;0.987190489795
4240;0.969745236056
4241;1.008053159138
4242;0.975989035769
4243;0.988759960759
4244;0.659446436988
4245;0.220942128669
4246;0.160434708756
4247;0.162736604457
4248;0.170404462799
4249;0.144781320953
4250;0.141258946261
4251;0.573932072444
4252;0.744124324613
4253;0.623215068001
4254;0.176364559995
4255;0.169549839916
4256;0.168391748688
4257;0.180599320754
4258;0.195705719181
4259;0.205954230108
4260;0.179337948834
4261;0.178690882236
4262;0.747233839475
4263;0.954354943631
4264;1.075978804773
4265;1.071998255414
4266;0.947366377489
4267;0.949312288843
4268;0.722906825411
4269;0.227090172305
4270;0.168016815970
4271;0.157466016326
4272;0.168822180995
4273;0.177803547666
4274;0.139969297462
4275;0.149002065889
4276;0.439512234999
4277;0.418056632282
4278;0.513693292689
4279;0.405182438287
4280;0.330538054077
4281;0.351047186391
4282;0.393728211924
4283;0.434280926718
4284;0.471667418787
4285;0.469830319015
4286;0.695153826178
4287;0.674539932834
4288;0.815828975328
4289;0.784509775686
4290;0.707867208397
4291;1.618444453175
4292;0.589289541890
4293;0.223620361290
4294;0.164989938944
4295;0.145605811176
4296;0.146581731288
4297;0.165588136319
4298;0.166108724911
4299;0.146082251913
4300;0.425737260418
4301;0.507243182908
4302;0.446231002790
4303;0.349377372798
4304;1.297064907665
4305;0.382227767927
4306;0.397879977624
4307;0.497048134912
4308;0.485176522503
4309;0.564908666712
4310;0.616070542434
4311;0.772282845926
4312;0.714480528900
4313;0.728341662032
4314;0.742084034056
4315;0.654131813877
4316;0.579324923134
4317;0.219416112424
4318;0.151293277646
4319;0.141257237451
4320;0.150957149122
4321;0.144847572959
4322;0.165748551454
4323;0.567770505404
4324;0.736942717218
4325;0.642801854674
4326;0.202516100217
4327;0.170092723760
4328;0.173782458267
4329;0.204270514411
4330;0.202713093762
4331;0.185810101963
4332;0.192000221561
4333;0.184281489326
4334;0.827191360873
4335;0.918448133487
4336;0.933828002333
4337;0.879201248034
4338;0.908742173497
4339;1.441869395986
4340;0.710285689749
4341;0.231416118463
4342;0.145921298279
4343;0.136081693716
4344;0.150895801849
4345;0.139371910486
4346;0.139938781214
4347;0.434696990995
4348;0.545265699420
4349;0.627899119610
4350;0.153238029305
4351;0.158402787537
4352;0.146452616421
4353;0.158282037105
4354;0.172416750442
4355;0.149039641003
4356;0.166503591461
4357;0.171552910009
4358;0.835434460380
4359;0.911531619350
4360;1.006390951394
4361;0.910117812065
4362;0.965035703147
4363;0.866490054313
4364;0.648006276471
4365;0.213046076305
4366;0.121778083285
4367;0.149374727780
4368;0.141566089888
4369;0.149337927098
4370;0.138068928372
4371;0.511376549196
4372;0.627058683504
4373;0.523876750700
4374;0.162435666061
4375;0.151868364307
4376;0.164130584010
4377;0.162194577178
4378;0.152603001162
4379;0.171447270063
4380;0.162169409551
4381;0.159412292534
4382;0.937942555493
4383;1.045032190966
4384;0.904319089420
4385;0.886337087106
4386;0.925038886334
4387;0.915482367257
4388;0.571921672353
4389;0.204058741443
4390;0.134035340261
4391;0.133618102455
4392;0.130711322576
4393;0.130015050881
4394;0.124156374501
4395;0.426390974321
4396;0.480752080379
4397;0.467601911565
4398;0.152627508227
4399;0.126151499037
4400;0.129195954736
4401;0.139863636612
4402;0.151478200673
4403;0.151716367149
4404;0.148184904133
4405;0.135322368522
4406;0.672727878844
4407;0.815839788347
4408;0.809634873489
4409;0.884675916684
4410;0.774134687596
4411;0.654201417719
4412;0.478028319227
4413;0.156655359098
4414;0.130433943332
4415;0.129834412223
4416;0.134514872968
4417;0.120294984097
4418;0.123809967259
4419;0.397598094326
4420;0.516759194000
4421;0.513347194118
4422;0.134251623793
4423;0.158480642004
4424;0.151012757004
4425;0.143595362989
4426;0.133711658120
4427;0.161852483443
4428;0.151230111647
4429;0.142933521600
4430;0.852376107856
4431;0.897569591403
4432;1.385167066926
4433;0.899100976173
4434;0.870718511244
4435;0.774517951867
4436;0.588053181404
4437;0.203554601597
4438;0.136202380818
4439;0.136406855559
4440;0.116110274303
4441;0.126271689587
4442;0.119349130177
4443;0.131502042092
4444;0.363936493545
4445;0.359875459201
4446;0.423023540943
4447;0.979691005566
4448;0.315972872481
4449;0.274551897334
4450;0.406361235010
4451;0.467466727937
4452;0.547864930263
4453;0.571238797895
4454;0.786341557016
4455;0.882267422979
4456;1.568189984735
4457;0.876424719072
4458;0.804354465696
4459;0.675368468163
4460;0.505827350556
4461;0.155490558859
4462;0.116786658923
4463;0.136304762744
4464;0.112270871803
4465;0.115685077401
4466;0.121337085444
4467;0.120213007005
4468;0.299843998156
4469;0.411286211543
4470;0.397772016823
4471;0.329354982138
4472;0.313219549533
4473;0.284585864089
4474;0.438447889430
4475;0.503145976398
4476;0.570369105040
4477;0.551401168556
4478;0.678462629103
4479;0.899056240445
4480;0.893165596357
4481;0.756194883708
4482;0.762754369408
4483;0.656405825024
4484;0.439823546219
4485;0.171154870710
4486;0.110776105589
4487;0.111914627662
4488;0.114517252293
4489;0.120411630262
4490;0.119885719697
4491;0.403055630009
4492;0.520509381222
4493;0.550213790398
4494;0.143014802258
4495;0.138298582805
4496;0.144916485385
4497;0.142627259431
4498;0.143865187587
4499;0.145914815439
4500;0.150586560289
4501;0.130473353073
4502;0.741685956732
4503;0.835953179971
4504;0.801127145107
4505;0.806049992576
4506;0.877442425069
4507;0.722899657168
4508;0.588708398347
4509;0.203695692198
4510;0.134268438764
4511;0.133565251335
4512;0.128313554745
4513;0.127317341605
4514;0.122669145726
4515;0.504647036185
4516;0.552159468972
4517;0.632711660855
4518;0.144237850382
4519;0.175286281744
4520;0.148015511429
4521;0.146831037311
4522;0.160654815518
4523;0.177739732181
4524;0.169086379993
4525;0.161950999965
4526;0.821040523563
4527;0.968444076926
4528;1.631101772033
4529;0.947110348668
4530;0.869458067310
4531;0.804446165989
4532;0.606567785111
4533;0.214911872970
4534;0.111859579090
4535;0.108306385794
4536;0.117786271859
4537;0.105270699810
4538;0.105205566851
4539;0.411733740118
4540;0.530735136669
4541;0.466439983229
4542;0.139392513989
4543;0.127213466820
4544;0.136656175292
4545;0.126510883233
4546;0.142459559483
4547;0.124870729634
4548;0.125846129048
4549;0.148348612758
4550;0.719682495236
4551;0.831038440204
4552;0.828422796352
4553;0.856701074754
4554;0.719200139194
4555;0.774720111072
4556;0.588024030542
4557;0.203209940862
4558;0.134373897452
4559;0.126077937594
4560;0.118659571155
4561;0.117366860564
4562;0.115045085175
4563;0.421882215015
4564;0.506042779133
4565;0.568156398723
4566;0.149152625022
4567;0.132425773920
4568;0.134317021163
4569;0.144716872002
4570;0.155286670008
4571;0.143223975446
4572;0.145483343515
4573;0.132043917418
4574;0.727779346691
4575;0.895691607674
4576;0.879310274926
4577;0.791172875104
4578;0.816836774414
4579;0.643365559348
4580;0.512575058181
4581;0.177498717565
4582;0.135760008149
4583;0.148320539311
4584;0.131457802254
4585;0.133396809675
4586;0.131872043988
4587;0.535851009427
4588;0.614468391972
4589;0.554631222320
4590;0.154774901845
4591;0.167562916433
4592;0.154676320955
4593;0.157698871492
4594;0.178598692119
4595;0.164210785545
4596;0.155872347637
4597;0.163855676856
4598;0.936914846689
4599;0.987738544365
4600;1.060584327379
4601;0.976491117311
4602;0.929453648932
4603;0.775029360873
4604;0.587944060221
4605;0.203219253202
4606;0.136084217361
4607;0.134118901648
4608;0.163506984001
4609;0.145489395672
4610;0.154262419243
4611;0.165026095176
4612;0.372779346063
4613;0.480027577080
4614;0.477867300067
4615;0.380576612780
4616;0.336195915205
4617;0.651970436920
4618;0.453790767494
4619;0.574521139783
4620;0.590306243053
4621;0.636861471438
4622;0.813208408654
4623;0.911918218062
4624;0.911712892163
4625;0.940136153359
4626;0.810539263414
4627;0.725313252984
4628;0.572000904001
4629;0.191535151345
4630;0.133064706558
4631;0.146333506791
4632;0.122442258717
4633;0.146298390194
4634;0.130403786282
4635;0.145869978503
4636;0.393580417722
4637;0.380117980549
4638;0.450704964549
4639;0.357488297241
4640;0.309579152911
4641;0.329090936928
4642;0.465301534477
4643;0.546691652685
4644;0.596342853464
4645;0.601505084360
4646;0.849363243526
4647;0.982062733016
4648;0.853912843431
4649;0.765112889149
4650;0.792260881734
4651;0.781166305799
4652;0.532659675864
4653;0.171897764200
4654;0.125513945651
4655;0.120725096426
4656;0.118391917238
4657;0.126793352104
4658;0.121474237092
4659;0.381622706140
4660;0.541775686782
4661;0.516920120338
4662;0.124742787807
4663;0.141328710721
4664;0.137980474712
4665;0.144651619374
4666;0.137473906918
4667;0.138744369514
4668;0.139168629358
4669;0.148851783567
4670;0.908639307492
4671;0.841464793788
4672;0.880461845693
4673;0.978282124981
4674;0.753734084081
4675;0.699795529476
4676;0.588083047990
4677;0.203383079288
4678;0.133445915058
4679;0.133892520996
4680;0.130190705861
4681;0.127760584345
4682;0.106601485058
4683;0.354199406010
4684;0.507314439714
4685;0.461677945873
4686;0.129503329109
4687;0.136846890416
4688;0.132143936042
4689;0.124918625030
4690;0.126479673975
4691;0.144039529798
4692;0.143201862489
4693;0.149628425602
4694;0.741773437829
4695;0.903508114195
4696;0.799323845025
4697;0.899128907986
4698;0.818294974650
4699;1.318046314655
4700;0.526175626637
4701;0.170735855513
4702;0.116741141676
4703;0.100620050281
4704;0.100868880522
4705;0.123509339736
4706;0.119794926638
4707;0.385320988894
4708;0.443924652229
4709;0.455667599643
4710;0.143296257480
4711;0.122244839983
4712;0.134436849323
4713;0.122338512401
4714;0.148698331104
4715;0.121657012809
4716;0.144244630839
4717;0.132188751059
4718;0.823488296980
4719;0.769300816998
4720;1.133246543329
4721;0.833063260201
4722;0.833416556387
4723;0.774605700214
4724;0.588205247804
4725;0.203718727987
4726;0.134187242826
4727;0.127633005304
4728;0.118627357637
4729;0.137253007088
4730;0.134053465679
4731;0.457147890699
4732;0.613110691413
4733;0.536644382416
4734;0.156035563158
4735;0.170225814168
4736;0.173163223096
4737;0.164761313941
4738;0.153719036918
4739;0.171586875761
4740;0.168986136205
4741;0.146154998422
4742;0.856092878828
4743;1.059156128007
4744;0.937412722990
4745;1.027525341351
4746;0.819829679727
4747;0.743199733748
4748;0.624641757930
4749;0.198441510750
4750;0.144142044490
4751;0.129287269663
4752;0.116458452945
4753;0.138742005334
4754;0.142341416377
4755;0.487771370239
4756;0.574509816585
4757;0.509985267913
4758;0.162923509597
4759;0.172449186111
4760;0.162859568444
4761;0.155949483700
4762;0.142662109037
4763;0.155965015761
4764;0.153928823644
4765;0.154707078212
4766;0.852948694500
4767;0.805622218866
4768;0.961584719380
4769;0.857475774303
4770;0.846044112414
4771;0.785989302220
4772;0.588709400392
4773;0.203193809708
4774;0.136196039103
4775;0.144764792497
4776;0.122777038030
4777;0.112832717113
4778;0.111206990385
4779;0.134246692873
4780;0.333284755996
4781;0.420876608124
4782;0.344502534135
4783;0.332985703476
4784;0.331131100915
4785;0.328080547828
4786;0.366809977841
4787;0.471780814496
4788;0.503579467797
4789;0.557511238218
4790;0.757132301945
4791;0.876035711906
4792;0.805287838633
4793;0.799588457257
4794;0.779279339316
4795;0.687730849294
4796;0.497662794747
4797;0.164060694490
4798;0.123542742590
4799;0.129667002576
4800;0.112338227705
4801;0.119020875741
4802;0.128974684577
4803;0.119761582175
4804;0.333021535287
4805;0.359531873688
4806;0.352791507522
4807;0.299003836585
4808;0.303208989852
4809;0.311315324263
4810;0.362927757454
4811;0.378112636433
4812;0.421068737612
4813;0.498107575267
4814;0.707207357526
4815;0.698874265633
4816;0.745090257691
4817;1.532706117575
4818;0.623980008405
4819;0.652482580343
4820;0.439226815614
4821;0.181385989368
4822;0.107693257333
4823;0.121647367943
4824;0.116260747841
4825;0.118483448549
4826;0.127944541992
4827;0.449247427203
4828;0.490173929361
4829;0.516108959510
4830;0.148038737735
4831;0.144772773418
4832;0.155516687071
4833;0.148072347609
4834;0.159396790684
4835;0.137165111256
4836;0.149105708282
4837;0.129204126287
4838;0.750917328718
4839;0.837281743684
4840;0.754235589156
4841;1.157229882354
4842;0.694842288899
4843;0.631793661041
4844;0.580601172326
4845;0.203307161856
4846;0.133638616902
4847;0.133600488610
4848;0.130375366084
4849;0.138885225231
4850;0.129977769690
4851;0.405791062927
4852;0.523481015489
4853;0.552615615992
4854;0.153736739745
4855;0.150074812173
4856;0.127815421115
4857;0.143331325295
4858;0.132455380977
4859;0.130869881485
4860;0.149775680219
4861;0.150949539325
4862;0.775040155102
4863;0.870265437572
4864;0.874206988929
4865;0.877725144432
4866;0.845542666946
4867;0.689396112765
4868;0.488708628653
4869;0.164012532848
4870;0.116476474941
4871;0.129044780585
4872;0.111566929194
4873;0.113787475794
4874;0.131683767215
4875;0.459935945431
4876;0.532343488111
4877;0.525300742721
4878;0.143153398585
4879;0.144566044062
4880;0.133524491464
4881;0.155693030394
4882;0.152299200192
4883;0.141475769836
4884;0.130924229225
4885;0.140944655001
4886;0.834759668225
4887;0.839577148820
4888;0.921402299387
4889;0.901601383137
4890;0.876508117317
4891;0.757002407551
4892;0.588580514465
4893;0.203485852826
4894;0.134174518858
4895;0.134136082484
4896;0.130923170256
4897;0.131086522719
4898;0.148884028163
4899;0.452971359069
4900;0.547305246040
4901;0.545306281672
4902;0.159799081036
4903;0.182666622960
4904;0.162379628941
4905;0.176383315634
4906;0.181073064170
4907;0.159473486345
4908;0.180542554667
4909;0.152381081498
4910;0.940523577366
4911;1.151648539471
4912;1.159918373672
4913;0.963326877591
4914;0.992047352507
4915;0.837556413653
4916;0.646300777955
4917;0.225764941035
4918;0.120242225744
4919;0.113537117459
4920;0.129009542027
4921;0.130338711865
4922;0.114765568504
4923;0.411456746207
4924;0.503193656059
4925;0.535064922915
4926;0.149364827497
4927;0.154260673306
4928;0.143477856121
4929;0.147099277438
4930;0.151014045594
4931;0.145934133771
4932;0.151138280602
4933;0.160775836960
4934;0.780382659115
4935;0.835348485677
4936;0.937830586111
4937;0.814269740882
4938;0.789078395297
4939;0.762445068805
4940;0.588391574358
4941;0.203451042237
4942;0.136102313110
4943;0.144903328731
4944;0.131372721945
4945;0.138079713272
4946;0.121349586893
4947;0.110025053825
4948;0.339086910253
4949;0.356856546594
4950;0.390738037180
4951;0.769596542275
4952;0.269258435169
4953;0.258675518120
4954;0.346116532494
4955;0.399484203848
4956;0.517705585553
4957;0.502870689129
4958;0.758283663249
4959;0.702484406772
4960;0.848094748845
4961;0.737136174573
4962;0.719917399638
4963;0.568582127037
4964;0.453230791372
4965;0.179535062216
4966;0.123851412838
4967;0.129870581500
4968;0.132022610341
4969;0.127425426398
4970;0.115553806614
4971;0.108349188070
4972;0.291580110194
4973;0.331657627023
4974;0.342764971465
4975;0.291053377700
4976;0.865287261267
4977;0.315857255914
4978;0.375483961922
4979;0.437281086921
4980;0.439411250931
4981;0.532057926962
4982;1.343499045375
4983;0.833921480474
4984;0.795541499421
4985;0.812596089736
4986;0.757691939681
4987;0.657938207497
4988;0.428789865599
4989;0.152809155561
4990;0.133248825482
4991;0.143792277182
4992;0.144755470976
4993;0.142191738250
4994;0.149460325358
4995;0.476158810028
4996;0.538658311042
4997;0.535786438181
4998;0.146983136708
4999;0.180745049020
5000;0.172328151714
5001;0.148337856240
5002;0.161444538357
5003;0.175394778255
5004;0.160718980355
5005;0.149202746213
5006;0.941064850197
5007;1.043967511706
5008;1.100145535122
5009;1.058273784278
5010;0.864322479817
5011;0.900946532286
5012;0.588207465005
5013;0.204047258495
5014;0.134023355545
5015;0.133704795418
5016;0.128975366272
5017;0.127320292406
5018;0.116229718702
5019;0.411390643686
5020;0.501244107604
5021;0.499497944735
5022;0.140164064500
5023;0.140605584370
5024;0.142203194172
5025;0.143608846245
5026;0.140576116141
5027;0.155154840476
5028;0.160562857121
5029;0.159981741196
5030;0.816699511674
5031;0.931881339301
5032;0.915566308429
5033;0.780224844795
5034;0.827021752110
5035;0.770822739492
5036;0.932508735727
5037;0.173672685017
5038;0.129529263272
5039;0.119740646274
5040;0.118583553363
5041;0.130797617597
5042;0.118185378288
5043;0.395570588268
5044;0.560020090534
5045;0.580393691105
5046;0.163192243108
5047;0.144089076126
5048;0.147944022079
5049;0.162728001615
5050;0.141100175756
5051;0.136865577863
5052;0.140207836251
5053;0.141661146036
5054;0.824038668272
5055;0.963975266937
5056;0.948157007300
5057;0.797076324790
5058;0.851992705691
5059;0.694481795805
5060;0.517607549154
5061;0.191428185749
5062;0.119328674474
5063;0.119640154331
5064;0.132342681531
5065;0.127305751736
5066;0.122369951909
5067;0.444276068940
5068;0.577852317167
5069;0.543471077753
5070;0.160196902360
5071;0.166195269153
5072;0.157476425824
5073;0.142721596554
5074;0.151127172066
5075;0.145504331700
5076;0.156304721335
5077;0.153818302343
5078;0.744923130409
5079;0.966527959087
5080;1.010145421852
5081;0.845646157677
5082;0.769569774576
5083;0.797078272331
5084;0.553912547460
5085;0.193633259251
5086;0.144711683186
5087;0.158784207515
5088;0.134699888759
5089;0.138673487755
5090;0.131306894497
5091;0.483794708445
5092;0.637740867177
5093;0.569574606512
5094;0.158932558851
5095;0.160882739391
5096;0.189426585983
5097;0.179442010636
5098;0.180713921421
5099;0.157895820442
5100;0.185646618797
5101;0.180517860785
5102;0.792403423824
5103;0.867025809336
5104;0.981797381951
5105;0.908371442627
5106;0.825082597021
5107;0.900624044808
5108;0.683945751924
5109;0.213670389868
5110;0.166710441582
5111;0.150655296186
5112;0.154926569025
5113;0.135114796475
5114;0.157069938670
5115;0.152829622024
5116;0.344444848028
5117;0.408056057431
5118;0.408837095451
5119;0.314862262165
5120;0.337770624490
5121;0.340014440560
5122;0.398402311168
5123;0.462276446094
5124;0.560767671724
5125;0.599964917429
5126;0.821068959863
5127;0.914881260525
5128;0.815733649404
5129;0.789409109031
5130;0.741734610635
5131;0.661676588853
5132;0.598327905758
5133;0.194999821034
5134;0.131796762752
5135;0.124328026925
5136;0.135815775841
5137;0.134564687958
5138;0.133388350027
5139;0.117893142994
5140;0.328740112733
5141;0.395084137300
5142;0.426505832625
5143;0.297873398805
5144;0.291707178085
5145;0.293495105930
5146;0.392015149050
5147;0.412437962984
5148;0.470744077145
5149;0.479862421350
5150;0.636451196488
5151;0.746120087624
5152;0.703878916751
5153;0.722871316880
5154;0.631898788730
5155;0.552444980973
5156;0.510367098838
5157;0.186190656473
5158;0.153117439390
5159;0.151882534305
5160;0.131398195896
5161;0.127900235714
5162;0.142406882897
5163;0.430260211967
5164;0.599897847701
5165;0.628695217232
5166;0.150082937041
5167;0.156858247184
5168;0.167498054336
5169;0.162406001766
5170;0.152295571510
5171;0.154969459891
5172;0.155577209951
5173;0.177683237028
5174;0.859398461132
5175;0.974493674376
5176;0.994789431022
5177;0.835410940250
5178;0.853014042383
5179;0.806745050819
5180;0.649096685467
5181;0.213654141938
5182;0.148285371449
5183;0.138012426143
5184;0.129310125539
5185;0.118935458966
5186;0.130752646300
5187;0.417069151102
5188;0.457865729739
5189;0.480813115009
5190;0.144334734671
5191;0.156471483983
5192;0.129323739861
5193;0.130008754060
5194;0.137168786827
5195;0.136568516242
5196;0.155926475697
5197;0.135241943948
5198;0.751049552498
5199;0.860921453402
5200;1.284974414751
5201;0.851369582654
5202;0.797288727726
5203;0.759026963145
5204;0.565149821445
5205;0.154550924465
5206;0.127725378894
5207;0.122381066796
5208;0.147240209388
5209;0.132693738636
5210;0.130649585363
5211;0.452831283042
5212;0.589222819482
5213;0.632155975212
5214;0.164886363736
5215;0.176742300629
5216;0.171573538962
5217;0.147852843122
5218;0.161672445958
5219;0.163717548693
5220;0.171487067237
5221;0.147140586617
5222;0.784860699269
5223;1.042451348837
5224;1.086138935401
5225;0.923537911447
5226;0.852737982665
5227;0.764104402369
5228;0.648252279001
5229;0.213739940147
5230;0.148479958082
5231;0.139778755558
5232;0.133961974756
5233;0.159314555366
5234;0.135103551260
5235;0.524837671636
5236;0.659800998268
5237;0.642781377097
5238;0.182799045515
5239;0.174050161113
5240;0.195630216202
5241;0.166252572773
5242;0.165010828987
5243;0.194543070152
5244;0.174991469036
5245;0.194182733603
5246;0.964540969860
5247;1.043521449197
5248;1.071530139024
5249;1.028519462590
5250;1.021851431995
5251;0.795710917602
5252;0.646756386135
5253;0.214490348345
5254;0.130541837518
5255;0.131623230531
5256;0.122634330018
5257;0.147625619879
5258;0.138389993257
5259;0.459455897857
5260;0.615844705026
5261;0.584916947809
5262;0.152961636535
5263;0.178303766131
5264;0.144833961658
5265;0.164926237650
5266;0.164252287458
5267;0.172946997819
5268;0.163137477173
5269;0.178471933394
5270;0.713516982385
5271;0.816622246466
5272;0.947269738845
5273;0.814368622734
5274;0.917398863379
5275;0.772784903724
5276;0.649062550165
5277;0.213582736548
5278;0.166207848009
5279;0.148031874510
5280;0.134341817097
5281;0.112246728735
5282;0.113551879172
5283;0.116954555932
5284;0.332394653166
5285;0.337427404129
5286;0.417328829732
5287;0.295329137749
5288;0.267390521725
5289;0.302769390480
5290;0.347506981173
5291;0.423337308815
5292;0.413189226321
5293;0.514897806552
5294;0.636004677375
5295;0.644584954089
5296;0.767289738021
5297;0.732990177796
5298;0.596793727304
5299;0.641100885746
5300;0.426859075422
5301;0.169259940112
5302;0.159322420648
5303;0.146284605365
5304;0.146841528375
5305;0.141556851172
5306;0.154316221264
5307;0.142174644820
5308;0.414570348810
5309;0.484327546067
5310;0.490736881772
5311;0.312066223206
5312;0.349865419675
5313;0.367792591842
5314;0.482717470216
5315;0.532741142231
5316;0.595853416518
5317;0.564137007378
5318;0.859852300104
5319;0.946590255863
5320;0.985471505024
5321;0.777394217220
5322;0.723848531211
5323;0.732569098800
5324;0.490677543170
5325;0.185981065630
5326;0.140126493177
5327;0.131657113652
5328;0.143155756521
5329;0.132264514437
5330;0.146733261403
5331;0.415619785187
5332;0.556598614203
5333;0.536953974098
5334;0.175367420852
5335;0.146046334492
5336;0.157131686263
5337;0.162003007936
5338;0.174002404235
5339;0.177313122710
5340;0.165224814559
5341;0.155109133657
5342;0.755184064478
5343;0.890576549635
5344;0.839848315039
5345;0.947374841956
5346;0.818931656484
5347;0.794717901874
5348;0.649031156652
5349;0.212934309153
5350;0.148367213369
5351;0.141614826766
5352;0.122835322933
5353;0.140335935683
5354;0.132369898255
5355;0.471578086726
5356;0.541897987831
5357;0.543924982027
5358;0.152543285559
5359;0.155020600032
5360;0.165975201781
5361;0.164715580997
5362;0.158044103566
5363;0.149420995730
5364;0.172485095141
5365;0.159937359137
5366;0.843064355860
5367;0.920988676946
5368;0.976733033368
5369;0.910755493525
5370;0.925840126163
5371;0.833207842767
5372;0.619003303747
5373;0.180557000295
5374;0.123386273988
5375;0.110796926104
5376;0.125580022452
5377;0.128404151914
5378;0.112860086861
5379;0.393745894817
5380;0.573390125198
5381;0.523455410472
5382;0.133196671389
5383;0.151118870776
5384;0.161961506701
5385;0.144409963887
5386;0.139875873784
5387;0.154000260574
5388;0.148047112009
5389;0.135693683274
5390;0.794408326707
5391;0.919199218386
5392;0.871914586104
5393;0.901392595050
5394;0.795005321993
5395;0.678478247177
5396;0.648414642668
5397;0.213187180505
5398;0.147740541956
5399;0.143775137595
5400;0.143055351027
5401;0.132705772381
5402;0.152923240805
5403;0.502529806165
5404;0.651305535201
5405;0.608531609025
5406;0.158888679181
5407;0.160466563080
5408;0.184315091504
5409;0.183237474998
5410;0.162769547427
5411;0.162214169193
5412;0.179898991704
5413;0.151382876545
5414;0.737498786643
5415;0.873905536501
5416;1.012610205737
5417;0.883933293647
5418;0.932470811891
5419;0.856546641234
5420;0.606357907122
5421;0.198969597819
5422;0.127612857690
5423;0.110247688423
5424;0.119967768110
5425;0.109659581288
5426;0.133014582756
5427;0.380551450550
5428;0.491302468983
5429;0.503474094817
5430;0.138179949021
5431;0.155084887042
5432;0.148307056154
5433;0.145874054164
5434;0.153841708348
5435;0.160759529481
5436;0.149074082858
5437;0.144653335818
5438;0.848111139847
5439;0.911793854434
5440;0.874974867027
5441;0.765374151353
5442;0.870573964294
5443;0.689825741722
5444;0.648384091233
5445;0.213554994393
5446;0.166255311666
5447;0.147445782360
5448;0.139038009847
5449;0.123006180658
5450;0.133013015417
5451;0.130618252122
5452;0.370280108521
5453;0.393485753946
5454;0.435260667179
5455;0.313372752740
5456;0.333586044726
5457;0.304185136033
5458;0.440329211344
5459;0.518107336810
5460;0.526634199872
5461;0.564622571467
5462;0.776054667065
5463;0.912366049774
5464;0.763833871246
5465;0.786309728385
5466;0.726615240866
5467;0.702965492501
5468;0.532009322041
5469;0.173308429772
5470;0.139365573370
5471;0.133611276567
5472;0.148094947256
5473;0.134593834106
5474;0.129512922973
5475;0.119746121773
5476;0.318328661037
5477;0.425716227725
5478;0.446058431565
5479;0.338631713526
5480;0.296144883653
5481;0.350556441834
5482;0.362420010892
5483;0.463651206684
5484;0.470223610415
5485;0.555210402263
5486;0.703924259719
5487;0.695193958588
5488;0.747867206117
5489;0.793819595998
5490;0.647839366973
5491;0.712844084641
5492;0.534414026182
5493;0.167294694015
5494;0.114005866430
5495;0.126306832925
5496;0.137090948847
5497;0.115677228725
5498;0.118522832766
5499;0.401164497506
5500;0.583344245459
5501;0.550069051256
5502;0.141962824684
5503;0.149865360089
5504;0.147403518704
5505;0.159081494017
5506;0.165872652961
5507;0.155496548454
5508;0.154140706587
5509;0.149316641438
5510;0.808929312985
5511;0.918837708031
5512;0.821479299953
5513;0.844571835677
5514;0.825117622376
5515;0.806419842889
5516;0.648775498556
5517;0.213359026844
5518;0.147759655214
5519;0.137548149084
5520;0.133959523954
5521;0.142925110338
5522;0.140947964034
5523;0.519094573828
5524;0.578788270573
5525;0.595412854546
5526;0.186564022059
5527;0.188541930666
5528;0.184237016286
5529;0.173293846753
5530;0.176576823214
5531;0.165402298589
5532;0.171992240345
5533;0.189661161800
5534;0.898801661767
5535;0.970365042130
5536;1.080532858579
5537;1.015131793758
5538;1.505778585683
5539;0.818424056742
5540;0.626438030113
5541;0.203409403803
5542;0.146157979505
5543;0.155799550637
5544;0.133952522983
5545;0.158896916836
5546;0.149289633936
5547;0.447150523300
5548;0.587889695912
5549;0.560532029126
5550;0.171629286372
5551;0.191728892575
5552;0.155353654339
5553;0.156387611713
5554;0.186818896739
5555;0.186434637995
5556;0.163052172168
5557;0.168688895676
5558;0.837001683160
5559;0.918283729051
5560;1.062511264787
5561;0.972137538841
5562;1.004069600887
5563;0.784751362835
5564;0.709914020213
5565;0.213001074562
5566;0.148375914288
5567;0.144208530050
5568;0.146026856845
5569;0.140449962638
5570;0.134698157945
5571;0.499581808107
5572;0.710104596846
5573;0.684573811361
5574;0.187000474632
5575;0.162766925465
5576;0.179815780421
5577;0.188529135741
5578;0.163413713368
5579;0.189364155102
5580;0.194512041339
5581;0.186326753577
5582;0.900204218042
5583;1.116670662978
5584;0.970431558191
5585;0.998958877819
5586;0.907026350193
5587;0.926088177443
5588;0.675245317199
5589;0.226267234879
5590;0.135935896048
5591;0.144998429455
5592;0.135868155526
5593;0.126230765851
5594;0.122152002210
5595;0.454518370091
5596;0.569357127217
5597;0.573222394595
5598;0.157516881340
5599;0.162986205254
5600;0.175467067021
5601;0.171392617159
5602;0.164615784466
5603;0.152740933467
5604;0.156294637921
5605;0.147133866639
5606;0.845734776679
5607;1.026884424021
5608;1.513006723215
5609;0.891244216580
5610;0.833111525807
5611;0.729394713057
5612;0.649017123755
5613;0.213212079356
5614;0.166422345185
5615;0.149755590463
5616;0.157919154876
5617;0.127945728368
5618;0.149743689341
5619;0.149648656909
5620;0.322083452413
5621;0.454902830874
5622;0.381494955870
5623;0.313367589600
5624;0.302606078499
5625;0.295407098801
5626;0.453098675945
5627;0.487658181710
5628;0.562394376565
5629;0.607040453470
5630;0.744853794727
5631;0.923138070275
5632;0.775028637925
5633;0.826797247871
5634;0.738668641909
5635;0.665419995212
5636;0.470870948314
5637;0.166935507394
5638;0.154424379913
5639;0.138164187647
5640;0.155695012562
5641;0.156256441736
5642;0.149725660695
5643;0.134137483869
5644;0.345110182297
5645;0.409692058033
5646;0.440988286814
5647;0.368766086904
5648;0.319007798594
5649;0.359605864508
5650;0.449571224106
5651;0.438970599506
5652;0.487340648219
5653;0.565793897204
5654;0.684709948322
5655;0.886973121011
5656;0.793274260388
5657;0.765561451420
5658;0.805715751916
5659;0.781004155482
5660;0.530760899635
5661;0.190303474555
5662;0.128541364949
5663;0.129769112627
5664;0.132133730065
5665;0.131630038899
5666;0.134227094796
5667;0.449415885509
5668;0.587612900338
5669;0.492787621578
5670;0.144633209664
5671;0.134530580961
5672;0.134567457940
5673;0.161498884531
5674;0.150497618594
5675;0.149407379805
5676;0.137716826478
5677;0.134241896556
5678;0.758152801997
5679;0.770729555735
5680;0.782892336170
5681;0.768154563661
5682;0.705701933485
5683;0.665773990924
5684;0.648446966548
5685;0.213659172107
5686;0.148550585206
5687;0.140326501338
5688;0.133988515159
5689;0.146751346161
5690;0.142835834724
5691;0.547068642772
5692;0.662931386758
5693;0.685154419835
5694;0.191217207087
5695;0.179590294734
5696;0.183707291609
5697;0.179105722967
5698;0.160695787961
5699;0.183825545479
5700;0.157574063422
5701;0.192162253110
5702;0.938534925185
5703;1.061757474270
5704;1.135148540982
5705;1.049038000979
5706;1.030078454660
5707;0.875638684419
5708;0.622582990889
5709;0.221638579978
5710;0.153047738183
5711;0.133156704476
5712;0.124923292981
5713;0.147367634289
5714;0.133595358559
5715;0.500786348915
5716;0.598949706954
5717;0.555328489604
5718;0.162789048478
5719;0.173362009992
5720;0.161985866498
5721;0.155023357318
5722;0.174630884875
5723;0.174704436322
5724;0.163633824409
5725;0.156343326034
5726;0.894365703997
5727;0.931284519754
5728;1.058219420474
5729;0.864899777959
5730;0.915884120044
5731;0.807175356226
5732;0.648782815311
5733;0.213513571089
5734;0.148467561454
5735;0.143287597779
5736;0.135621356260
5737;0.127859011635
5738;0.136736524264
5739;0.452614146808
5740;0.545761312798
5741;0.578742726635
5742;0.175676490648
5743;0.180785887028
5744;0.181823129560
5745;0.147964595917
5746;0.178344940825
5747;0.147982137471
5748;0.167069697636
5749;0.163935869999
5750;0.826809806351
5751;0.941766896948
5752;0.876895840226
5753;0.903595668065
5754;0.920968506691
5755;0.840389766635
5756;0.673305393506
5757;0.182371470480
5758;0.152852522153
5759;0.132651220963
5760;0.158102268764
5761;0.150898216108
5762;0.140967748907
5763;0.498727530739
5764;0.651097671949
5765;0.617402186571
5766;0.190172155290
5767;0.181458842158
5768;0.166103717065
5769;0.176381197082
5770;0.158485633063
5771;0.166919958809
5772;0.158999079842
5773;0.163292168748
5774;0.941764846123
5775;1.014950271688
5776;1.079903965681
5777;1.033988692013
5778;0.896998539384
5779;0.806457605722
5780;0.649135800961
5781;0.212898839152
5782;0.166235461368
5783;0.149937859000
5784;0.149297183258
5785;0.135624933514
5786;0.123208421599
5787;0.126506664626
5788;0.319071184904
5789;0.370028900572
5790;0.378894090536
5791;0.290240513562
5792;0.269073839063
5793;0.314678926968
5794;0.397826090364
5795;0.392169022113
5796;0.480055059551
5797;0.515289335102
5798;0.639397424566
5799;0.715947448007
5800;0.686466937749
5801;0.680304235629
5802;0.671835477464
5803;0.672818775693
5804;0.505570133892
5805;0.158538556009
5806;0.165681090916
5807;0.147188201311
5808;0.139625685117
5809;0.140836593429
5810;0.160960429538
5811;0.156335658756
5812;0.391263308329
5813;0.482559824970
5814;0.461203178557
5815;1.254802588741
5816;0.373416430353
5817;0.391070299299
5818;0.488513563413
5819;0.583514617597
5820;0.545073336684
5821;0.616332150577
5822;0.895737974550
5823;0.889353320516
5824;0.958953330738
5825;0.931859175409
5826;0.799487801190
5827;0.872265549332
5828;0.581503325037
5829;0.220514707018
5830;0.219269709450
5831;0.248267082515
5832;0.248025657534
5833;0.238751498355
5834;0.201449744216
5835;0.657764831009
5836;0.811202927369
5837;0.834349319409
5838;0.277466471527
5839;0.267878138019
5840;0.248804298922
5841;0.242617192209
5842;0.247704351416
5843;0.276261402974
5844;0.245601490394
5845;0.225568656700
5846;0.934121607461
5847;0.932752303162
5848;0.950165531833
5849;1.034934536137
5850;1.031529012581
5851;0.944014760557
5852;0.884292700061
5853;0.311344472580
5854;0.206100983084
5855;0.204517679540
5856;0.193413190266
5857;0.227977424834
5858;0.242098121926
5859;0.681073889491
5860;0.765673932281
5861;0.778740070089
5862;0.254373026011
5863;0.247294791047
5864;0.267154612800
5865;0.267686302252
5866;0.267014424424
5867;0.278739252556
5868;0.251461441992
5869;0.263438907501
5870;0.838289265985
5871;1.101971879805
5872;0.946403193519
5873;1.089934056278
5874;1.016788514190
5875;0.894798799123
5876;0.896443062987
5877;0.316568407808
5878;0.235629017147
5879;0.192062719904
5880;0.190968757140
5881;0.208986316223
5882;0.201057922961
5883;0.614168782208
5884;0.796768139112
5885;0.761874654926
5886;0.262210264519
5887;0.265021554406
5888;0.261771814751
5889;0.242844000105
5890;0.255326312839
5891;0.233641327837
5892;0.258002493027
5893;0.231219743219
5894;0.821050913229
5895;0.953781330425
5896;1.076707202098
5897;1.021396015902
5898;1.134968105013
5899;0.976836252518
5900;0.789577536279
5901;0.310757356071
5902;0.205408103551
5903;0.204376460241
5904;0.204389236156
5905;0.201671826630
5906;0.202076270079
5907;0.607510165547
5908;0.795377189272
5909;0.682439080780
5910;0.240158543366
5911;0.243541512910
5912;0.226428772007
5913;0.229523236921
5914;0.235701331451
5915;0.217820342839
5916;0.211530400864
5917;0.194174225249
5918;0.694094320038
5919;0.830228969219
5920;0.830629381433
5921;0.970999681461
5922;0.878558389568
5923;0.811957401376
5924;0.768361885704
5925;0.240127236893
5926;0.200159696579
5927;0.206180478155
5928;0.210689555219
5929;0.191939626899
5930;0.207061148635
5931;0.590864074750
5932;0.807268246804
5933;0.750890790277
5934;0.246522743344
5935;0.216434366094
5936;0.228495399735
5937;0.243102833094
5938;0.222238195637
5939;0.244113210925
5940;0.224856310506
5941;0.226652948711
5942;0.824506449076
5943;0.888083148127
5944;1.013684992928
5945;0.929674125275
5946;0.895623525572
5947;0.866394929834
5948;0.734029518830
5949;0.310666103339
5950;0.229081021651
5951;0.210819240470
5952;0.215432848771
5953;0.210896672524
5954;0.181550904432
5955;0.192388517629
5956;0.457839655411
5957;0.499679316906
5958;0.494345945905
5959;0.423290041073
5960;0.407057556338
5961;0.386711516760
5962;0.473476436343
5963;0.495253233368
5964;0.511245872167
5965;0.556552643955
5966;0.730696473385
5967;0.729673050686
5968;0.724414591730
5969;0.725385037728
5970;0.784343757979
5971;0.676015461533
5972;0.591319310706
5973;0.248742584259
5974;0.218823692969
5975;0.208850214039
5976;0.193071188397
5977;0.199061804733
5978;0.197565548282
5979;0.206825231568
5980;0.478638896369
5981;0.599897176344
5982;0.615473146617
5983;0.423534610715
5984;0.425544439461
5985;0.423829834340
5986;0.520327074783
5987;0.531603213061
5988;0.468245591612
5989;0.486180832131
5990;0.720409923102
5991;0.789157438279
5992;1.851553240078
5993;0.813835069690
5994;0.857863224810
5995;0.829856024046
5996;0.731179861986
5997;0.269449196708
5998;0.186861596645
5999;0.188383301835
6000;0.184179550551
6001;0.186598386485
6002;0.171781443161
6003;0.548270728752
6004;0.812117588403
6005;0.661639672161
6006;0.192020635939
6007;0.206926676892
6008;0.222048786713
6009;0.205072205276
6010;0.192549613029
6011;0.234785151225
6012;0.199417005345
6013;0.222463328557
6014;0.791063338013
6015;0.795158232354
6016;0.872291212502
6017;0.989565289161
6018;0.925496764025
6019;0.816976993062
6020;0.885929966940
6021;0.310474771863
6022;0.205876572347
6023;0.204260078839
6024;0.204521204367
6025;0.195524381248
6026;0.209330727558
6027;0.715597047341
6028;0.781966393294
6029;0.768009528161
6030;0.231829366636
6031;0.260015706407
6032;0.257545210772
6033;0.263989359943
6034;0.240499153212
6035;0.229730162407
6036;0.249915928267
6037;0.235470576850
6038;0.928589019211
6039;0.911459353784
6040;1.010194320493
6041;1.011437986451
6042;1.128908468781
6043;0.903806611299
6044;0.872235042528
6045;0.299823584821
6046;0.174818395709
6047;0.176943813100
6048;0.185334246654
6049;0.173569880325
6050;0.184624049045
6051;0.571146735921
6052;0.775812037536
6053;0.790058249358
6054;0.213832941066
6055;0.223693703996
6056;0.214907570998
6057;0.234587032810
6058;0.214690135032
6059;0.234426716965
6060;0.211144888452
6061;0.211825284644
6062;0.809692619984
6063;0.927038327023
6064;0.813989363256
6065;0.871911068754
6066;0.971567611388
6067;0.907025282015
6068;0.884228193508
6069;0.310794370530
6070;0.205758579069
6071;0.196317043209
6072;0.182408415775
6073;0.165604021318
6074;0.190645320294
6075;0.560435196200
6076;0.733379442168
6077;0.738388966825
6078;0.194481239479
6079;0.197592360174
6080;0.212709313639
6081;0.200654862990
6082;0.196548845961
6083;0.206029483174
6084;0.190662263932
6085;0.226760262428
6086;0.656117066105
6087;0.730934829117
6088;0.795533552978
6089;0.873645887801
6090;0.788138937521
6091;0.849018807600
6092;0.707484599348
6093;0.231699454003
6094;0.220805734942
6095;0.192351076058
6096;0.213426667765
6097;0.220002582426
6098;0.219567182784
6099;0.604487256940
6100;0.843655778975
6101;0.814033303118
6102;0.214530659350
6103;0.228920046557
6104;0.258360109723
6105;0.223412930095
6106;0.229980973350
6107;0.225046612331
6108;0.226111839453
6109;0.256279984249
6110;0.777398003530
6111;0.912395434564
6112;0.920878326109
6113;1.044431350559
6114;1.096570407675
6115;0.906259686868
6116;0.884398664574
6117;0.311177532553
6118;0.228880776098
6119;0.211570018124
6120;0.204943789066
6121;0.219254493124
6122;0.235471700347
6123;0.200086102374
6124;0.530780430989
6125;0.632927940517
6126;0.645958016423
6127;0.443186920504
6128;0.501223197243
6129;0.477462271442
6130;0.516776413518
6131;0.566146811562
6132;0.526375132153
6133;0.529184082635
6134;0.693105266394
6135;0.904556796726
6136;0.849321782687
6137;1.715931197701
6138;0.910278769337
6139;0.757473512510
6140;0.763039561496
6141;0.293186619047
6142;0.202961644170
6143;0.180665795124
6144;0.201762192224
6145;0.183374116632
6146;0.202388584454
6147;0.213209038229
6148;0.528053481067
6149;0.561132922442
6150;0.596256900590
6151;0.441704962341
6152;0.465894033616
6153;0.398729939967
6154;0.521763171856
6155;0.491895341145
6156;0.484690759879
6157;0.558230671513
6158;0.653810995126
6159;0.817289694503
6160;0.803297211566
6161;0.886438009887
6162;0.895247218636
6163;0.825929280917
6164;0.720049748842
6165;0.245784529453
6166;0.181200574072
6167;0.196045228557
6168;0.186627352082
6169;0.177414237092
6170;0.202700525727
6171;0.564343920658
6172;0.745321055371
6173;0.708206866628
6174;0.200212111169
6175;0.203183069171
6176;0.212734086696
6177;0.220258408968
6178;0.205391525505
6179;0.196623046905
6180;0.214257304183
6181;0.231924304058
6182;0.706325464226
6183;0.781407444560
6184;2.102039931268
6185;0.839083002882
6186;0.808970757429
6187;0.901578805847
6188;0.802394044162
6189;0.311050424472
6190;0.206245143520
6191;0.203919460258
6192;0.205433978843
6193;0.200982415099
6194;0.202110587567
6195;0.764856247664
6196;0.988964152259
6197;0.803322136692
6198;0.237895123752
6199;0.237397103348
6200;0.251751218118
6201;0.281359605546
6202;0.266284618588
6203;0.245235619545
6204;0.257063262191
6205;0.277195076860
6206;0.931231031441
6207;1.062936161066
6208;1.096270430853
6209;1.151816307650
6210;1.025858141757
6211;0.997769352844
6212;0.947888267475
6213;0.308252312700
6214;0.213680287280
6215;0.190707353561
6216;0.192807296354
6217;0.214181551587
6218;0.204127205426
6219;0.621088752945
6220;0.832114606234
6221;0.786102307308
6222;0.251739606662
6223;0.220494768221
6224;0.239881233228
6225;0.236351353853
6226;0.234398711616
6227;0.245089336931
6228;0.248756304136
6229;0.240260655419
6230;0.867802474778
6231;0.867260740259
6232;1.016849344085
6233;0.971516986386
6234;0.889662041800
6235;0.907075005385
6236;0.885083848330
6237;0.310628521112
6238;0.206092756488
6239;0.202014161589
6240;0.192816172388
6241;0.206809063526
6242;0.212730230913
6243;0.595560382202
6244;0.868049825541
6245;0.767475868375
6246;0.231865486766
6247;0.219506339481
6248;0.224934149943
6249;0.235625363541
6250;0.249480294883
6251;0.242977759961
6252;0.242825663879
6253;0.246388500776
6254;0.834078925068
6255;0.886327250293
6256;1.077838264557
6257;1.089006719946
6258;1.003902504770
6259;0.881503346269
6260;0.913625552044
6261;0.297946882830
6262;0.196788549012
6263;0.182596310305
6264;0.225060128600
6265;0.207872821649
6266;0.207038176310
6267;0.630967706165
6268;0.850942687564
6269;0.746687190982
6270;0.219302250952
6271;0.255721957811
6272;0.219125274094
6273;0.257796925133
6274;0.219026503165
6275;0.241179955280
6276;0.236688646823
6277;0.257003674177
6278;0.780745347234
6279;0.868490099567
6280;0.907859679568
6281;0.959728003948
6282;1.044375467344
6283;0.848704145375
6284;0.884090160280
6285;0.311292501072
6286;0.228477053672
6287;0.211459702091
6288;0.215576912428
6289;0.199193084759
6290;0.193389448942
6291;0.188901821869
6292;0.499406014823
6293;0.501892053425
6294;0.529121307929
6295;0.441282688214
6296;0.437072000752
6297;0.455629500967
6298;0.435130411268
6299;0.524621884245
6300;0.502151945671
6301;0.467962822323
6302;0.622521547895
6303;0.717368373548
6304;0.806705372518
6305;0.798389461130
6306;0.835807096979
6307;0.693232292867
6308;0.635110995139
6309;0.263190721010
6310;0.215000294169
6311;0.189325509390
6312;0.211322034577
6313;0.207929590252
6314;0.200041934231
6315;0.199885162733
6316;0.504395180780
6317;0.528208823032
6318;0.612037016087
6319;0.401299512670
6320;0.459871749530
6321;0.464942639565
6322;0.527521770788
6323;0.459816357749
6324;0.530599202693
6325;0.537320717801
6326;0.667213022035
6327;0.831567696956
6328;0.820634143664
6329;0.833127249657
6330;0.786031513760
6331;0.796588212865
6332;0.625948476462
6333;0.261668064268
6334;0.168753822099
6335;0.159340533910
6336;0.167646721156
6337;0.197838200095
6338;0.181188550844
6339;0.585783662673
6340;0.704405993675
6341;0.772447496387
6342;0.215140377265
6343;0.227453721247
6344;0.207815393815
6345;0.188474478740
6346;0.213943432557
6347;0.188950113672
6348;0.230708873700
6349;0.214724100677
6350;0.749722576793
6351;0.880184259687
6352;0.891738048130
6353;0.927932320425
6354;0.958660600869
6355;0.894496497686
6356;0.884050588170
6357;0.310917828307
6358;0.205841438496
6359;0.203918345492
6360;0.195627130970
6361;0.192796406885
6362;0.183539609841
6363;0.580968308090
6364;0.733659878152
6365;0.835934916921
6366;0.227641606773
6367;0.232022728531
6368;0.228862906858
6369;0.232220267482
6370;0.249844971771
6371;0.219660641513
6372;0.214603667205
6373;0.254386025404
6374;0.819776653390
6375;0.991385651284
6376;1.046358324475
6377;0.903269368119
6378;2.020034400463
6379;0.910298439252
6380;0.878496718033
6381;0.283203730646
6382;0.182905937558
6383;0.203765305845
6384;0.208068719172
6385;0.189962320672
6386;0.200265091577
6387;0.545028120457
6388;0.700988911496
6389;0.733194733398
6390;0.230834674718
6391;0.227384578107
6392;0.219715712243
6393;0.223990419748
6394;0.217482473351
6395;0.224929645605
6396;0.194227494356
6397;0.237226773680
6398;0.792983107460
6399;0.775383890565
6400;0.833316906011
6401;0.859023621678
6402;0.891766313382
6403;0.846445535683
6404;0.883548715571
6405;0.311062070159
6406;0.206148887111
6407;0.204497375526
6408;0.205443305944
6409;0.195824885249
6410;0.216993197285
6411;0.662224470206
6412;0.924055515105
6413;0.878006165209
6414;0.249419335485
6415;0.248550621734
6416;0.255560825347
6417;0.246259376936
6418;0.234822177609
6419;0.272378683321
6420;0.273502777100
6421;0.287223164611
6422;0.998570289544
6423;1.039500771729
6424;0.994758094223
6425;1.180613910793
6426;0.988303965962
6427;1.092989969920
6428;0.987494693412
6429;0.332100344080
6430;0.183171850799
6431;0.174206905356
6432;0.211050253221
6433;0.184462127110
6434;0.172588912806
6435;0.555273846554
6436;0.835892385245
6437;0.792393195879
6438;0.216203930023
6439;0.197752852703
6440;0.234748791970
6441;0.230242690636
6442;0.232574094580
6443;0.235973493174
6444;0.219853561122
6445;0.216041375638
6446;0.812015048210
6447;0.917662741857
6448;0.972346947467
6449;0.961384096286
6450;0.913450922891
6451;0.812559800817
6452;0.884085552362
6453;0.310921077190
6454;0.228915660551
6455;0.210950932893
6456;0.213588921894
6457;0.199062637171
6458;0.182934084913
6459;0.228131940687
6460;0.480339761346
6461;0.618511365208
6462;0.530383540910
6463;0.461472274192
6464;0.438034435081
6465;0.453738274859
6466;0.515235310544
6467;0.511466532532
6468;0.554541613589
6469;0.575017173010
6470;0.650871593772
6471;0.792690282328
6472;0.765983259360
6473;0.835247720854
6474;0.842181655191
6475;0.794349622345
6476;0.628143935738
6477;0.251489686052
6478;0.221744455840
6479;0.214434905713
6480;0.204297494299
6481;0.187454736394
6482;0.210823307670
6483;0.202256086029
6484;0.515597417450
6485;0.569659737392
6486;0.598827530576
6487;0.510661396271
6488;0.491659807548
6489;0.483563080546
6490;0.452794843518
6491;0.456074469237
6492;0.560055751522
6493;0.543173196676
6494;0.770771309405
6495;0.790552560361
6496;0.758461196747
6497;0.777280568074
6498;0.802322468856
6499;0.811069865628
6500;0.724826258607
6501;0.249566310059
6502;0.190716402639
6503;0.201181085304
6504;0.177361466690
6505;0.193188871983
6506;0.183794132720
6507;0.640156267712
6508;0.799235159494
6509;0.658340489959
6510;0.211097550112
6511;0.203943051717
6512;0.239071693330
6513;0.205185765928
6514;0.219599832424
6515;0.235073245546
6516;0.220804930539
6517;0.215118041960
6518;0.817450004699
6519;0.804348217753
6520;0.875923282796
6521;1.448775224510
6522;0.995112756598
6523;0.786921035165
6524;0.757830771548
6525;0.246191255744
6526;0.208111696950
6527;0.236787581472
6528;0.236192029874
6529;0.248343095769
6530;0.226282580839
6531;0.756283467726
6532;0.986222313470
6533;0.871233129001
6534;0.261884639008
6535;0.289058753743
6536;0.264426376752
6537;0.252656524036
6538;0.275896079612
6539;0.270843935677
6540;0.268508074808
6541;0.252270462911
6542;0.893258970219
6543;1.065076534267
6544;1.163402739174
6545;1.113577640585
6546;1.141107895523
6547;0.938371410226
6548;0.980188584256
6549;0.329042068981
6550;0.284021025296
6551;0.277631776337
6552;0.329058472305
6553;0.254704687992
6554;0.288654317161
6555;0.673924821643
6556;0.707045526304
6557;0.800273207437
6558;0.251528791963
6559;0.287548029317
6560;0.276418616474
6561;0.257016275270
6562;0.292274919212
6563;0.315598615052
6564;0.261470541948
6565;0.281008041836
6566;0.674291048294
6567;0.774834727863
6568;0.817460939732
6569;0.824481243817
6570;0.854115657028
6571;0.749481434788
6572;0.694740341557
6573;0.406697325454
6574;0.315748008202
6575;0.325809007507
6576;0.329419508881
6577;0.319165355739
6578;0.323859815678
6579;0.789994437108
6580;0.925340926350
6581;0.851178592234
6582;0.374261400848
6583;0.303817530663
6584;0.298982565939
6585;0.308746070567
6586;0.350894150233
6587;0.307051279348
6588;0.313213265877
6589;0.355731997725
6590;0.763383235535
6591;0.918832305270
6592;0.829737805710
6593;0.917739388488
6594;0.861650923770
6595;0.951612709541
6596;0.931126526812
6597;0.459405512791
6598;0.373154462157
6599;0.300639544852
6600;0.286710913674
6601;0.311804114045
6602;0.364762964426
6603;0.711324092407
6604;0.791513092139
6605;0.943628735834
6606;0.309536808726
6607;0.300647870615
6608;0.338471274643
6609;0.383270226834
6610;0.347261400403
6611;0.290727376731
6612;0.317046270298
6613;0.352232722270
6614;0.703696519906
6615;0.754825703255
6616;0.929524988925
6617;1.045191021395
6618;0.921838909933
6619;0.977295710977
6620;0.867912336977
6621;0.407028498951
6622;0.355162980596
6623;0.362047662522
6624;0.375297634634
6625;0.364208206563
6626;0.291833414106
6627;0.302692161252
6628;0.554989213054
6629;0.680197843402
6630;0.549962422910
6631;0.483937054656
6632;0.493126372146
6633;0.520290234817
6634;0.520626163202
6635;0.573504524683
6636;0.511697138061
6637;0.475401095983
6638;0.576847438891
6639;0.802094532085
6640;0.695509664178
6641;0.733844783131
6642;0.769250065832
6643;0.817428741564
6644;0.799495590397
6645;0.305282398981
6646;0.347767695297
6647;0.376420519270
6648;0.408300304893
6649;0.335299282426
6650;0.339403607989
6651;0.442404464397
6652;0.750615825128
6653;0.743253214346
6654;0.667049333132
6655;0.584799945209
6656;0.593814280588
6657;0.624508534188
6658;0.661705861079
6659;0.632334785740
6660;1.727393818320
6661;0.541154034102
6662;0.898501505728
6663;0.970767418318
6664;0.926278634752
6665;0.874681928917
6666;0.873307838347
6667;0.934827642380
6668;0.910444964595
6669;0.495042619232
6670;0.375833705490
6671;0.388702043122
6672;0.322125063461
6673;0.315055423505
6674;0.409734513720
6675;0.780851155454
6676;1.008440906007
6677;0.947849227461
6678;0.389999861006
6679;0.347888722955
6680;0.362595784861
6681;0.362767058311
6682;0.360217201342
6683;0.306910168554
6684;0.318598420863
6685;0.417033333579
6686;0.908607084758
6687;0.911349558595
6688;0.977499596654
6689;1.627484974184
6690;1.054222947006
6691;1.030391024416
6692;1.002467500444
6693;0.407089795734
6694;0.315259521193
6695;0.325783307353
6696;0.328991709566
6697;0.315167331310
6698;0.370731529882
6699;0.705077620562
6700;0.819184659953
6701;0.829093335721
6702;0.342876965250
6703;0.294983997387
6704;0.381073185344
6705;0.386315202281
6706;0.308383590447
6707;0.348854314507
6708;0.377473175365
6709;0.365874741369
6710;0.772077131231
6711;0.830807540082
6712;1.031852181321
6713;1.013326934931
6714;0.866966685729
6715;1.515550770740
6716;0.991946684125
6717;0.370574281517
6718;0.324991540865
6719;0.313259319054
6720;0.382333558724
6721;0.360218998409
6722;0.310006016216
6723;0.676917434355
6724;0.900645135588
6725;0.939442821016
6726;0.282297160573
6727;0.345213720139
6728;0.324498606344
6729;0.316459024952
6730;0.278544601782
6731;0.342246780484
6732;0.305512186808
6733;0.289463467949
6734;0.728701071430
6735;0.836889786290
6736;0.851084764409
6737;0.824484333785
6738;1.011627782860
6739;1.799842581489
6740;0.942944337597
6741;0.407457301160
6742;0.315235122671
6743;0.326458686304
6744;0.320556543555
6745;0.294275206873
6746;0.270237372311
6747;0.718018118989
6748;0.899724242232
6749;0.772849344426
6750;0.304645172237
6751;0.342096393144
6752;0.270868630181
6753;0.285406632362
6754;0.334491982906
6755;0.304904762174
6756;0.314480934602
6757;0.282003044605
6758;0.698685815743
6759;0.875013081906
6760;0.845295808833
6761;0.964700331754
6762;1.020893337464
6763;0.947978981484
6764;0.747941235002
6765;0.377937874642
6766;0.310743431045
6767;0.259108613829
6768;0.236454069582
6769;0.265736628537
6770;0.309746195260
6771;0.602970493781
6772;0.669815075393
6773;0.809987337363
6774;0.279540095966
6775;0.275067731622
6776;0.248752878731
6777;0.281891599460
6778;0.288874101253
6779;0.270062089181
6780;0.294762383224
6781;0.304173512699
6782;0.724384777461
6783;0.737300769337
6784;1.234844255939
6785;0.917175575836
6786;0.933684156117
6787;0.864641762642
6788;0.943003276599
6789;0.407511659980
6790;0.356162156819
6791;0.362126250543
6792;0.372481892770
6793;0.356249425879
6794;0.366527947561
6795;0.388876000414
6796;0.708625554111
6797;0.771241254150
6798;0.805405798444
6799;0.653735832564
6800;0.628271819728
6801;0.633537792716
6802;0.557786446005
6803;0.675005319194
6804;0.705036158659
6805;0.661129619695
6806;0.782347360930
6807;0.862314751369
6808;1.047780243428
6809;0.898962022718
6810;0.982998741569
6811;0.926442405672
6812;0.865527911831
6813;0.450607875104
6814;0.256067617000
6815;0.281684834101
6816;0.335226450560
6817;0.263901688875
6818;0.261534876642
6819;0.302464811152
6820;0.579474261794
6821;0.652914796584
6822;0.581894803056
6823;0.534719915824
6824;0.492513884839
6825;0.495786245551
6826;0.464684981405
6827;0.522455038718
6828;0.481168678212
6829;0.494907081481
6830;0.660983051209
6831;0.710467677041
6832;0.659800325449
6833;0.729755161541
6834;0.793258718195
6835;0.713783960356
6836;0.696886838355
6837;0.369464296143
6838;0.280522420426
6839;0.314633504421
6840;0.311933925448
6841;0.285115225038
6842;0.347805531423
6843;0.751228481029
6844;0.746112763373
6845;0.781363276571
6846;0.290898960919
6847;0.299820061969
6848;0.305585411262
6849;0.311536544136
6850;0.356188861452
6851;0.291510987811
6852;0.305105992035
6853;0.312784952603
6854;0.685147621658
6855;0.818975591325
6856;0.830967044823
6857;0.870353780792
6858;0.910639539246
6859;0.788638268291
6860;0.943413077779
6861;0.406948809484
6862;0.315565248960
6863;0.326121739561
6864;0.320555525298
6865;0.393932502088
6866;0.349451579042
6867;0.743935080182
6868;0.856870048491
6869;0.945682359811
6870;0.395898587401
6871;0.332946203765
6872;0.343490489011
6873;0.348364221668
6874;0.325106464470
6875;0.315626751199
6876;0.354880362828
6877;0.419204427937
6878;0.864352920842
6879;0.832791586945
6880;1.064183695796
6881;1.105680018312
6882;1.111435621130
6883;1.513974335829
6884;1.005187586571
6885;0.452004794061
6886;0.321297785542
6887;0.334322984313
6888;0.384180816146
6889;0.397488095382
6890;0.347948926574
6891;0.684415213827
6892;0.919094201216
6893;0.982831860370
6894;0.341796380601
6895;0.325440449773
6896;0.402434425439
6897;0.362196198913
6898;0.331436693986
6899;0.362939654788
6900;0.406714932251
6901;0.347741444213
6902;0.855970868912
6903;1.003713789836
6904;0.972537964033
6905;1.072026307880
6906;1.026203472042
6907;1.006697041289
6908;0.943637693307
6909;0.407347645426
6910;0.315435908356
6911;0.325779811798
6912;0.328373991907
6913;0.281823699965
6914;0.327422876464
6915;0.829279435872
6916;0.956935699098
6917;0.876815712202
6918;0.335334090859
6919;0.319820753668
6920;0.335222642979
6921;0.278242951047
6922;0.353350007076
6923;0.345334459701
6924;0.357674847872
6925;0.293580230318
6926;0.733731013769
6927;0.847090618848
6928;0.852587855539
6929;1.001335221513
6930;0.937860762386
6931;0.861732469560
6932;1.617462415538
6933;0.388167732450
6934;0.275555796826
6935;0.332772182187
6936;0.252198449662
6937;0.259800573764
6938;0.291860580736
6939;0.704547725072
6940;0.728082038136
6941;0.799314201082
6942;0.310993563466
6943;0.270965411028
6944;0.287310856840
6945;0.301564043171
6946;0.305224875791
6947;0.260101576895
6948;0.288417771946
6949;0.319404246478
6950;0.691887946998
6951;0.761771319638
6952;1.268843395853
6953;0.755820706334
6954;0.775400723121
6955;0.988785149330
6956;0.942872528079
6957;0.406893155556
6958;0.351455285386
6959;0.294046808237
6960;0.290951613808
6961;0.359151463040
6962;0.293979277860
6963;0.292379885936
6964;0.597712719073
6965;0.723082083881
6966;0.670310421030
6967;0.530501123567
6968;0.504611548538
6969;0.517711885672
6970;0.534446439234
6971;0.456041621225
6972;0.522761627263
6973;0.488820255161
6974;0.689077673008
6975;0.737172645555
6976;0.853602381045
6977;0.920540943672
6978;0.885139649161
6979;0.844483299762
6980;0.793711036466
6981;0.343556504211
6982;0.339402770316
6983;0.341848972793
6984;0.363757350029
6985;0.353000863120
6986;0.319152754929
6987;0.372562170505
6988;0.690342962118
6989;0.771196575658
6990;0.614357792139
6991;0.539021704134
6992;0.654337350150
6993;0.608653304321
6994;0.561118351027
6995;0.591414544832
6996;0.577502466635
6997;0.551130947719
6998;0.809495388631
6999;0.833973253638
7000;0.938652122885
7001;0.859661727773
7002;0.816791748341
7003;0.874957507346
7004;0.810984721595
7005;0.370188530872
7006;0.296341563999
7007;0.356847892243
7008;0.303095354670
7009;0.287519114252
7010;0.304102773169
7011;0.747899336182
7012;0.791960840094
7013;0.763516413973
7014;0.340858666968
7015;0.327716063168
7016;0.297622222685
7017;0.263127552104
7018;0.315653821396
7019;0.349480964366
7020;0.304260030974
7021;0.299764687800
7022;0.695991586008
7023;0.768612311926
7024;0.837592888600
7025;0.924086094569
7026;1.011018545867
7027;0.989415516769
7028;0.943125906207
7029;0.407474097006
7030;0.315396050801
7031;0.325109072065
7032;0.308966123594
7033;0.352387359491
7034;0.367452818032
7035;0.788602250365
7036;0.860213708326
7037;0.906850583302
7038;0.369610264681
7039;0.350563277211
7040;0.332450653583
7041;0.373316540128
7042;0.359097547971
7043;0.344963461282
7044;0.340196323702
7045;0.332319621491
7046;0.771812533238
7047;0.898129613066
7048;0.980482421431
7049;1.111306738107
7050;1.009347282475
7051;1.067093389958
7052;1.010498793933
7053;0.402028968735
7054;0.290000861856
7055;0.268229825416
7056;0.313317666698
7057;0.355465217273
7058;0.326778861633
7059;0.789022439457
7060;0.914554552052
7061;0.873725055201
7062;0.300511943088
7063;0.306444013181
7064;0.304737612197
7065;0.336846387034
7066;0.284662203852
7067;0.293024482970
7068;0.338673416473
7069;0.344283686878
7070;0.703969815235
7071;0.964132502993
7072;0.877095881441
7073;0.961136138319
7074;0.961761852097
7075;0.930196033891
7076;0.943605293913
7077;0.406770653622
7078;0.316015761708
7079;0.326165023429
7080;0.320505116858
7081;0.348545961727
7082;0.277042413217
7083;0.724869930189
7084;0.871630085078
7085;0.886230492524
7086;0.301768623998
7087;0.348610847561
7088;0.369122098115
7089;0.326383236794
7090;0.275443204930
7091;0.313083165325
7092;0.346130687716
7093;0.322255160157
7094;0.752388907213
7095;0.925155267702
7096;0.816991429309
7097;0.923242325438
7098;0.894842160578
7099;0.976997627796
7100;1.536124507724
7101;0.367820047327
7102;0.345028535336
7103;0.321902713747
7104;0.333008344081
7105;0.308117637223
7106;0.335444864838
7107;0.752408166307
7108;0.871534948663
7109;0.847289733556
7110;0.355954285590
7111;0.358703489796
7112;0.319927789734
7113;0.344332174717
7114;0.334927010698
7115;0.323476790348
7116;0.319896683605
7117;0.345448442010
7118;0.868748347345
7119;0.945788671858
7120;0.967574937026
7121;1.017774751897
7122;1.527601887578
7123;1.003808294025
7124;0.943583319475
7125;0.407053554001
7126;0.355330417578
7127;0.361817352737
7128;0.364843231283
7129;0.410197221020
7130;0.434561546849
7131;0.358131736358
7132;0.695202695775
7133;0.843321153229
7134;0.720565566614
7135;0.674577499007
7136;0.596061796505
7137;0.662785351480
7138;0.579402342944
7139;0.659327851325
7140;0.572425598129
7141;0.639625731515
7142;0.744810759119
7143;0.876800167665
7144;0.902814498023
7145;1.020888545907
7146;1.593362173635
7147;0.973761089207
7148;0.851913231019
7149;0.515632462692
7150;0.420848440076
7151;0.357737896834
7152;0.393543474814
7153;0.393543474814
7154;0.377223736532
7155;0.387403337835
7156;0.343094955665
7157;0.708495013101
7158;0.748359149396
7159;0.689575254256
7160;0.602313717667
7161;0.632245694828
7162;0.557514937479
7163;1.102723756968
7164;0.548132130227
7165;0.592046484806
7166;0.621608838497
7167;0.774640160179
7168;0.850189855069
7169;0.967243613902
7170;1.006077335666
7171;0.823362268469
7172;0.843282883648
7173;0.907295522751
7174;0.401631598931
7175;0.274688563510
7176;0.307969145187
7177;0.339513403642
7178;0.286809614426
7179;0.269708226576
7180;0.690876797339
7181;0.749043731032
7182;0.752351440455
7183;0.304970220327
7184;0.296762950015
7185;0.300606292304
7186;0.286610085897
7187;0.304355243472
7188;0.307540697215
7189;0.321275440564
7190;0.262602973588
7191;0.691508783856
7192;0.802687634884
7193;0.774862439735
7194;0.910514221532
7195;0.941077841539
7196;0.887899139392
7197;0.942717137841
7198;0.407570951268
7199;0.315589495889
7200;0.322536400107
7201;0.317799291737
7202;0.325857146093
7203;0.401753556018
7204;0.848540886167
7205;0.911625385792
7206;0.897224548239
7207;0.423131739261
7208;0.386468358802
7209;0.359975719612
7210;0.364498318316
7211;0.416497904723
7212;0.378686801512
7213;0.357038494249
7214;0.404637583134
7215;0.854839340987
7216;1.026962749389
7217;1.040690949725
7218;1.109149507604
7219;1.064397683427
7220;0.980341868321
7221;0.852944394794
7222;0.456291085963
7223;0.349863651906
7224;0.308752349902
7225;0.295959167165
7226;0.335444072851
7227;0.393175164414
7228;0.745585621320
7229;0.910034767551
7230;1.020220372871
7231;0.381395345120
7232;0.339530251435
7233;0.365995957171
7234;0.411639587551
7235;0.378318128007
7236;0.308037977471
7237;0.364987171832
7238;0.351958728912
7239;0.892134610029
7240;0.911717803461
7241;1.045295100535
7242;1.008069956350
7243;1.057784377494
7244;1.428162796016
7245;0.944299085235
7246;0.407239017183
7247;0.316009976179
7248;0.326037272198
7249;0.328052190710
7250;0.291014520165
7251;0.252969895003
7252;0.581978031301
7253;0.728255476337
7254;0.838362908154
7255;0.277080242455
7256;0.287279400824
7257;0.339539488181
7258;0.314697313805
7259;0.282045224764
7260;0.300651084128
7261;0.278626818037
7262;0.313846317553
7263;0.630043041764
7264;0.797961746250
7265;0.950022549133
7266;0.903245956646
7267;0.827819745679
7268;0.761969587990
7269;0.754004499517
7270;0.329000971309
7271;0.268331518560
7272;0.329595641434
7273;0.368146064901
7274;0.316328710415
7275;0.264849215671
7276;0.730081150798
7277;0.921274181632
7278;0.844560953884
7279;0.332137370229
7280;0.359602298221
7281;0.305960299346
7282;0.291447442849
7283;0.285718124738
7284;0.304539281988
7285;0.314918844724
7286;0.286624138587
7287;0.808622671200
7288;0.839789001250
7289;0.896063883926
7290;0.914441811439
7291;0.889808851092
7292;0.921667265568
7293;0.896806390638
7294;0.408237588132
7295;0.542095385559
7296;0.590179797988
7297;0.442607206377
7298;0.452807407349
7299;0.597506048284
7300;0.572899454642
7301;0.704114514183
7302;0.738810857181
7303;0.849397340089
7304;0.667220996426
7305;1.452020547451
7306;0.655875357893
7307;0.686030491761
7308;0.729273219175
7309;0.578156183604
7310;0.731659920110
7311;0.880846385892
7312;0.813988590804
7313;0.830114240467
7314;0.897075980958
7315;0.920871514014
7316;0.908627239691
7317;0.864148703163
7318;0.560752696365
7319;0.468923805734
7320;0.359422330992
7321;0.388322718673
7322;0.422727908565
7323;0.446820241674
7324;0.357025715638
7325;0.573273252941
7326;0.763916163373
7327;0.674558615360
7328;0.519100974967
7329;0.629908454293
7330;0.558129557753
7331;0.573401302813
7332;0.590474971084
7333;0.613937160420
7334;0.671988232699
7335;0.755847616593
7336;0.750531713488
7337;0.897726266090
7338;0.794277020986
7339;1.551097711834
7340;0.762437599802
7341;0.891200304897
7342;0.455210240940
7343;0.390659873960
7344;0.393455701051
7345;0.462753809111
7346;0.444819479722
7347;0.451656071359
7348;0.819980501994
7349;1.034349787353
7350;0.965368878117
7351;0.388620369064
7352;0.450087069935
7353;0.441793201619
7354;0.456092920318
7355;0.418965753417
7356;0.487086932654
7357;0.527193697854
7358;0.394884006747
7359;0.810041823566
7360;0.998754775549
7361;1.360135362806
7362;0.997289279034
7363;1.775203484135
7364;1.062864016121
7365;1.031736857821
7366;0.633176559538
7367;0.536308069738
7368;0.516527842558
7369;0.476350818014
7370;0.530912060210
7371;0.627795351236
7372;1.144664876794
7373;1.177247733507
7374;1.080830835181
7375;0.535536454820
7376;0.561728089666
7377;0.588456031914
7378;0.551444636395
7379;0.548245551922
7380;0.669826015405
7381;0.569004300620
7382;0.554023049616
7383;0.948138905577
7384;1.026710520430
7385;1.165080813893
7386;1.219709794573
7387;1.352518958781
7388;1.276673563825
7389;1.019688368999
7390;0.720171272215
7391;0.438577317819
7392;0.513851913954
7393;0.418606065725
7394;0.396103278002
7395;0.518766114879
7396;0.815944262093
7397;0.905063409242
7398;0.868286019188
7399;0.469208340391
7400;0.367401375926
7401;0.341125050714
7402;0.449280391292
7403;0.449246212852
7404;0.346398061777
7405;0.391165694122
7406;0.456138380692
7407;0.786437946493
7408;0.839276160742
7409;1.381988466416
7410;0.978051543632
7411;1.039599123708
7412;0.828756012175
7413;0.803988229847
7414;0.632559518269
7415;0.536840510627
7416;0.515381910936
7417;0.481504947211
7418;0.535492097791
7419;0.417262231603
7420;0.738165417259
7421;0.891348146288
7422;0.906630513234
7423;0.388128881108
7424;0.384984500841
7425;0.430614009325
7426;0.464849648339
7427;0.339316681536
7428;0.376612875805
7429;0.438034173722
7430;0.383226083898
7431;0.691093280574
7432;0.935812354528
7433;0.987153002585
7434;1.051110612770
7435;0.962164727200
7436;0.937712929673
7437;0.903683871948
7438;0.501417363339
7439;0.517819391445
7440;0.579971615492
7441;0.679204658519
7442;0.530781305760
7443;0.448063305343
7444;0.888233997871
7445;1.215011650632
7446;1.240839453355
7447;0.519810782390
7448;0.539851471482
7449;0.519382635919
7450;0.453403800322
7451;0.467592381498
7452;0.553784134058
7453;0.618414691716
7454;0.467382987643
7455;0.984882884507
7456;1.206388734233
7457;1.110252800019
7458;1.172123846144
7459;1.109567525290
7460;1.154636751362
7461;1.628757589563
7462;0.632931975987
7463;0.487758927919
7464;0.494072930718
7465;0.454646211198
7466;0.436276240831
7467;0.481123075542
7468;0.490247277994
7469;0.659445367614
7470;0.801403220502
7471;0.777321997731
7472;0.724105997275
7473;0.649574708403
7474;0.659930653704
7475;0.724807237213
7476;0.657497650619
7477;0.586026348083
7478;0.636880364181
7479;0.884506043449
7480;0.882404257253
7481;0.747136386656
7482;0.835344412718
7483;0.905194210829
7484;0.948669657105
7485;0.771731891464
7486;0.579502666713
7487;0.482964690559
7488;0.479488075919
7489;0.396621303201
7490;0.436411517648
7491;0.496968400291
7492;0.388263198036
7493;0.627938604879
7494;0.692987061570
7495;0.764882584374
7496;0.602722487281
7497;0.537805607751
7498;0.635770414614
7499;0.628316108020
7500;0.518470916851
7501;0.524101289116
7502;0.635174984583
7503;0.754887618781
7504;0.825034986568
7505;0.885862884728
7506;0.963155726520
7507;0.914554404433
7508;0.852647529636
7509;0.785289753638
7510;0.560907969005
7511;0.463595019873
7512;0.387972898830
7513;0.428595338123
7514;0.521446928896
7515;0.433026412150
7516;0.811759248971
7517;0.965329276249
7518;1.052494736344
7519;0.462552433013
7520;0.443691119338
7521;0.489691377287
7522;0.450494497294
7523;0.392312515730
7524;0.408671220948
7525;0.502329785595
7526;0.436212514143
7527;0.831725032356
7528;1.003625599731
7529;1.172195506571
7530;1.004440420997
7531;1.093441988463
7532;2.125835438659
7533;1.031335910848
7534;0.632681430923
7535;0.537186410181
7536;0.516087806935
7537;0.471909591209
7538;0.615964819060
7539;0.573621797644
7540;0.924351240442
7541;1.103322739422
7542;1.006444602726
7543;0.465574199011
7544;0.589379122547
7545;0.646836072923
7546;0.509373776149
7547;0.497487128255
7548;0.558064833354
7549;0.507099499190
7550;0.454526270462
7551;0.982047350364
7552;1.222006378225
7553;1.227447075604
7554;0.982333454873
7555;1.840179528276
7556;1.101638254361
7557;0.984910876236
7558;0.640230035161
7559;0.520687210669
7560;0.549717449891
7561;0.477640425309
7562;0.444719303490
7563;0.517857948907
7564;0.893816319141
7565;1.020166452912
7566;1.031048097511
7567;0.529099815630
7568;0.528360814570
7569;0.465973906420
7570;0.417383647321
7571;0.491790710557
7572;0.449589832134
7573;0.422627223965
7574;0.445246786916
7575;0.899061089524
7576;0.888518305917
7577;0.919287882561
7578;1.039488131648
7579;1.154451861475
7580;1.975308047419
7581;1.033656071599
7582;0.632619867169
7583;0.536866785694
7584;0.515413026496
7585;0.478032482192
7586;0.500092710968
7587;0.544672136317
7588;0.826947199593
7589;0.960467894213
7590;1.148653426402
7591;0.557856877992
7592;0.453628592872
7593;0.455244534421
7594;0.522594821084
7595;0.480651164280
7596;0.460640525721
7597;0.496224223567
7598;0.581076211050
7599;0.877597468314
7600;0.982786565444
7601;1.710506790508
7602;1.079759950294
7603;1.081914969407
7604;0.916561659727
7605;1.019306019549
7606;0.675704205192
7607;0.540161548786
7608;0.496025485585
7609;0.508301393446
7610;0.614084382539
7611;0.499151485725
7612;0.886711069235
7613;1.108648870038
7614;1.134285972764
7615;0.493606898019
7616;0.458839581583
7617;0.513936351272
7618;0.456357879897
7619;0.427191082512
7620;0.528182876553
7621;0.496523322613
7622;0.461503796350
7623;0.882066707594
7624;1.023216506778
7625;1.177174927919
7626;1.013446369164
7627;1.025905858123
7628;1.007986563101
7629;1.032402815888
7630;0.633219839681
7631;0.488060843065
7632;0.493493635744
7633;0.449321459473
7634;0.424900722673
7635;0.497562860386
7636;0.568338144730
7637;0.882381883648
7638;0.808036492139
7639;0.838995279877
7640;0.723531132476
7641;0.786168817060
7642;0.640235915216
7643;0.731368528057
7644;0.835692603825
7645;0.772534897617
7646;0.654037494196
7647;0.848781429463
7648;0.923695906004
7649;0.894393774938
7650;0.928431280089
7651;1.050604329257
7652;1.089671944323
7653;0.910941177346
7654;0.509533523992
7655;0.488283629658
7656;0.483867032232
7657;0.420718191606
7658;0.391543137084
7659;0.412310230879
7660;0.503249269357
7661;0.587076163939
7662;0.739603377207
7663;0.685895151711
7664;0.632054777140
7665;0.604441779008
7666;0.638001170655
7667;0.617922538409
7668;0.662186950194
7669;0.580215302543
7670;0.677302781056
7671;0.723654587243
7672;0.804830529664
7673;0.757276940943
7674;0.835826046754
7675;1.000842633649
7676;0.866195574312
7677;0.794442703584
7678;0.469186201183
7679;0.540586417591
7680;0.499273113612
7681;0.402644196694
7682;0.540286342970
7683;0.562574116339
7684;0.868853939730
7685;0.965765899288
7686;1.076147080719
7687;0.447099585468
7688;0.373696513211
7689;0.498045497936
7690;0.517543147996
7691;0.467219042086
7692;0.434269908284
7693;0.423765916851
7694;0.519534338276
7695;0.856372286858
7696;0.804190088577
7697;0.980691872747
7698;1.099222548382
7699;0.981409732841
7700;1.062503208946
7701;1.031924796700
7702;0.632805507921
7703;0.536786669972
7704;0.512676825896
7705;0.470157577770
7706;0.610296033086
7707;0.429511254021
7708;0.909118434088
7709;1.131010058891
7710;0.971797867495
7711;0.456418782412
7712;0.465880397732
7713;0.517729031785
7714;0.451691376032
7715;0.430263558444
7716;0.454829407584
7717;0.539032722800
7718;0.447204547476
7719;0.913008971992
7720;0.978026345398
7721;1.028945116602
7722;0.904995041254
7723;1.079080736986
7724;0.952426449182
7725;1.088966313953
7726;0.493565069711
7727;0.371889801606
7728;0.447764565595
7729;0.453069142379
7730;0.338095915479
7731;0.368896727765
7732;0.715323628074
7733;0.797534003180
7734;0.817403843732
7735;0.365265748715
7736;0.393586363244
7737;0.398817100976
7738;0.311794968714
7739;0.388682036728
7740;0.387780301790
7741;0.343610939374
7742;0.330847636732
7743;0.778420323557
7744;0.774526010318
7745;0.850025148316
7746;1.562340363258
7747;0.932092071260
7748;1.062665270465
7749;1.031248838521
7750;0.632973561029
7751;0.536981652727
7752;0.515710772887
7753;0.470913737955
7754;0.486149713110
7755;0.539128355967
7756;0.959644581274
7757;0.931191468101
7758;0.956856909126
7759;0.517995836922
7760;0.451747668853
7761;0.367976599885
7762;0.443380655859
7763;0.519380388220
7764;0.446907471746
7765;0.416937572576
7766;0.528260831158
7767;0.957780450347
7768;0.889617946812
7769;0.885581627399
7770;0.972637674400
7771;1.166881677837
7772;1.051668456388
7773;0.930060219531
7774;0.601542250049
7775;0.530883022619
7776;0.422483973468
7777;0.477295644127
7778;0.541571756269
7779;0.597104652839
7780;0.784579664480
7781;0.941197138686
7782;1.062522340977
7783;0.486970789235
7784;0.381928269712
7785;0.449451935558
7786;0.541855173769
7787;0.471911510840
7788;0.469936477001
7789;0.533620647009
7790;0.464214444533
7791;0.842027236563
7792;0.988216335249
7793;1.128217677428
7794;0.937944433964
7795;0.961234512137
7796;1.062718292472
7797;1.032146300705
7798;0.633156366832
7799;0.487675662547
7800;0.485262722206
7801;0.587815612410
7802;0.511954598020
7803;0.492921496741
7804;0.575793834909
7805;0.772187812331
7806;0.887472120796
7807;0.704827683956
7808;0.686097231340
7809;0.796593221402
7810;0.704452503188
7811;0.708649420872
7812;0.720749487209
7813;0.673470542650
7814;0.630002729634
7815;0.807898518774
7816;0.915071426254
7817;0.996676202167
7818;0.966143366467
7819;0.875941568740
7820;1.018674247870
7821;1.092777722185
7822;0.561010871129
7823;0.432605671082
7824;0.546742975476
7825;0.506754533841
7826;0.405142368701
7827;0.471592674732
7828;0.532191921076
7829;0.808435290734
7830;0.824448269401
7831;0.793313921775
7832;0.722374455949
7833;0.654292152412
7834;0.632037273091
7835;0.613738643689
7836;0.760623328546
7837;0.621201994665
7838;0.583504506397
7839;0.833001317566
7840;0.904331659343
7841;0.958391691309
7842;0.905166450007
7843;0.976435312599
7844;0.977358527140
7845;0.860288192417
7846;0.584648919563
7847;0.574315012761
7848;0.508284986552
7849;0.461816680347
7850;0.479226622399
7851;0.609742339770
7852;0.847533387366
7853;1.025399159620
7854;1.044940650340
7855;0.550511948635
7856;0.424266695031
7857;0.391172891525
7858;0.549878513285
7859;0.564362193959
7860;0.439863548349
7861;0.404073462506
7862;0.560736476692
7863;1.009249117123
7864;0.909527131729
7865;1.123539909470
7866;1.152801808605
7867;1.181022147342
7868;0.965776755406
7869;1.031472542062
7870;0.632835607574
7871;0.536499581342
7872;0.515949117767
7873;0.477746731870
7874;0.530875658092
7875;0.494863485088
7876;0.782078925790
7877;0.950372726943
7878;0.998960222358
7879;0.411721913505
7880;0.473913070127
7881;0.550216308433
7882;0.542277527608
7883;0.400406675144
7884;0.449125589458
7885;0.508701770423
7886;0.465832181311
7887;0.816022536150
7888;0.977038671197
7889;0.935888189512
7890;0.937986040906
7891;0.978961216933
7892;0.921671479732
7893;1.099369714806
7894;0.554359954008
7895;0.528427797390
7896;0.571489373385
7897;0.767615350686
7898;0.614048064115
7899;0.556690707439
7900;1.093248773984
7901;1.279687236082
7902;1.263556277278
7903;0.554182096143
7904;0.639164121617
7905;0.650836817130
7906;0.582704227864
7907;0.580944254642
7908;0.645841971424
7909;0.571924560334
7910;0.482298672239
7911;1.038392671718
7912;1.165458938686
7913;1.228594339269
7914;1.197406097804
7915;1.351010932229
7916;1.179250706393
7917;1.032496471810
7918;0.633037455957
7919;0.537083059940
7920;0.515660996149
7921;0.482653558585
7922;0.536265745473
7923;0.529111308869
7924;1.194599801042
7925;1.078281225808
7926;1.131411672165
7927;0.578040539467
7928;0.613286036442
7929;0.495644375149
7930;0.560244536542
7931;0.613093933539
7932;0.542247886010
7933;0.479567034434
7934;0.544870501032
7935;0.990322489119
7936;1.186921613024
7937;1.100562065599
7938;1.169565286482
7939;2.359362279999
7940;1.059574633713
7941;1.246360176350
7942;0.750128348611
7943;0.687882253651
7944;0.540911374273
7945;0.543364370578
7946;0.533605112007
7947;0.604702149494
7948;0.919709072816
7949;1.043701995031
7950;1.185011949167
7951;0.526730617685
7952;0.537931388768
7953;0.453116145574
7954;0.631147074123
7955;0.512148488178
7956;0.516558294938
7957;0.501893979833
7958;0.625126540024
7959;1.001045593420
7960;1.014864512452
7961;1.243432544531
7962;1.274018975785
7963;1.082818216437
7964;1.050306325850
7965;1.160424860507
7966;0.632723850950
7967;0.488467857985
7968;0.493506084816
7969;0.454734472448
7970;0.426350156525
7971;0.602727083101
7972;0.588997412099
7973;0.999591629077
7974;1.022551125138
7975;0.942831985557
7976;0.762554620788
7977;0.898442512213
7978;0.917441739100
7979;0.708943384657
7980;0.830526863459
7981;0.805426343565
7982;0.779486347697
7983;0.909396171774
7984;1.040459013979
7985;1.080187616029
7986;1.044301396564
7987;1.178068860083
7988;1.201042055267
7989;1.314428645483
7990;0.598964561668
7991;0.401203780476
7992;0.443119570729
7993;0.524676013213
7994;0.424860013237
7995;0.357153178203
7996;0.520174862385
7997;0.744594713253
7998;0.782206915436
7999;0.626211980158
8000;0.620489282857
8001;0.676935991874
8002;0.532787566688
8003;0.549855198525
8004;0.632064758277
8005;1.131568311031
8006;0.518102515034
8007;0.825693080554
8008;0.839763328553
8009;0.771410766689
8010;0.770559732684
8011;0.848207888447
8012;0.808472601383
8013;0.909261376132
8014;0.449077740844
8015;0.520482470076
8016;0.611172433182
8017;0.464992435062
8018;0.539020553990
8019;0.557445300883
8020;0.902570534646
8021;1.045739085620
8022;0.937358585459
8023;0.602862744500
8024;0.585029581276
8025;0.433820410254
8026;0.483183604574
8027;0.567804655426
8028;0.546095765630
8029;0.487020501976
8030;0.553050581405
8031;0.894529488605
8032;0.992691639080
8033;1.007879550258
8034;1.024393765125
8035;1.228063874414
8036;1.055723501266
8037;1.022093364407
8038;0.704531820273
8039;0.659507281685
8040;0.655629032572
8041;0.650797850919
8042;0.568592608562
8043;0.732095483093
8044;0.946422359618
8045;1.114639103548
8046;1.251392588788
8047;0.595561208216
8048;0.499032805761
8049;0.569760976970
8050;0.619301927090
8051;0.532066180782
8052;0.518043837138
8053;0.568233840760
8054;0.684466084395
8055;0.952256280822
8056;0.977066153851
8057;1.234571185215
8058;1.364275628149
8059;1.041332396353
8060;1.182739671975
8061;1.209199611697
8062;0.698736764115
8063;0.725295132865
8064;0.628962570604
8065;0.841782415477
8066;0.856212977849
8067;0.615352075878
8068;1.056604935989
8069;1.163141323090
8070;1.255593083519
8071;0.592029160240
8072;0.667494576329
8073;0.710381135087
8074;0.604719983421
8075;0.560863056242
8076;0.665618745358
8077;0.781528427021
8078;0.653614015830
8079;0.875747412134
8080;1.219722343856
8081;1.208535376914
8082;1.068099331975
8083;1.270877009127
8084;1.132353546930
8085;1.079808976629
8086;0.704277440286
8087;0.658830191731
8088;0.654987408264
8089;0.642160942559
8090;0.531850035393
8091;0.556658216904
8092;1.180950577629
8093;1.181772280232
8094;1.070598592538
8095;0.568530649596
8096;0.600265583299
8097;0.532800866530
8098;0.503289689823
8099;0.540269492653
8100;0.719115243503
8101;0.513721211106
8102;0.525614007418
8103;0.983421899239
8104;1.110850289578
8105;1.092298200754
8106;0.991109059152
8107;1.291190159100
8108;1.085333614190
8109;1.067132580490
8110;0.685547604808
8111;0.865952914933
8112;0.853784139078
8113;0.680681413255
8114;0.756649693982
8115;0.894640125896
8116;1.116381762654
8117;1.232875170263
8118;1.412203786364
8119;0.868102770729
8120;0.716475170860
8121;0.569080201666
8122;0.723304770506
8123;0.758893272315
8124;0.667687168375
8125;0.635534252935
8126;0.755007723241
8127;1.076276028894
8128;1.080101466473
8129;1.075449030795
8130;1.458514148463
8131;1.463175314853
8132;2.018862321492
8133;1.232888301591
8134;0.704492692934
8135;0.619262797591
8136;0.625688885689
8137;0.640607832426
8138;0.697988113715
8139;0.611164276928
8140;0.607862343953
8141;0.899741866317
8142;1.051888579155
8143;0.949963705570
8144;0.765736470951
8145;0.779240238860
8146;0.947244117065
8147;1.380065715885
8148;0.751815321217
8149;0.811379335097
8150;0.893231441516
8151;0.893607970356
8152;0.997364567062
8153;1.055400067804
8154;1.211721143753
8155;0.942346110361
8156;1.105177236595
8157;1.240740067387
8158;0.716570868792
8159;0.522359501426
8160;0.649586904806
8161;0.665111552370
8162;0.716281273154
8163;0.538665283069
8164;0.598736943061
8165;0.944542263301
8166;0.953750941427
8167;0.752043547335
8168;0.794720092622
8169;0.747961684228
8170;0.672474593807
8171;0.692681818729
8172;0.703968394838
8173;0.765554645050
8174;0.641690620205
8175;0.824880328343
8176;1.034090557233
8177;1.024126412989
8178;0.889434695752
8179;0.985358657012
8180;0.947226680494
8181;0.948056940101
8182;0.649560671696
8183;0.535712619090
8184;0.648897049283
8185;0.643160648521
8186;0.565559738031
8187;0.589392829356
8188;1.081516723829
8189;1.165872905217
8190;0.926844200399
8191;0.586210918190
8192;0.552095400725
8193;0.525715966219
8194;0.429745247331
8195;0.523283167025
8196;0.648589861725
8197;0.489862738806
8198;0.453359238180
8199;0.922766761418
8200;1.044105319149
8201;0.910738335475
8202;1.073331018315
8203;1.123504001177
8204;1.125214267077
8205;0.951081936966
8206;0.703854499672
8207;0.658994240736
8208;0.655483094137
8209;0.654264895592
8210;0.579373379427
8211;0.615585231797
8212;1.026068072719
8213;1.087756836349
8214;1.021005468026
8215;0.564687631087
8216;0.585950307111
8217;0.481936974336
8218;0.557032790880
8219;0.588455537642
8220;0.563168519356
8221;0.504175461901
8222;0.578216575999
8223;0.939751961780
8224;0.959124030845
8225;0.966416505361
8226;1.148124737541
8227;1.213745562708
8228;0.938544430421
8229;1.237037885142
8230;0.707479778000
8231;0.686209447976
8232;0.511943327655
8233;0.570607821884
8234;0.782122804987
8235;0.685146352949
8236;0.803775942801
8237;1.011946515201
8238;1.042863772201
8239;0.504740647075
8240;0.539012193784
8241;0.579965614508
8242;0.615336274417
8243;0.567207289075
8244;0.488645758786
8245;0.589095172493
8246;0.544550720347
8247;0.835023054113
8248;0.914694173288
8249;1.208702132530
8250;1.181497085670
8251;0.986729141608
8252;1.158600658155
8253;1.080220810414
8254;0.704369760440
8255;0.658977763294
8256;0.653988976783
8257;0.638953959926
8258;0.532908139862
8259;0.563242553206
8260;0.900905348317
8261;1.025403130819
8262;1.037610214991
8263;0.448092599189
8264;0.537772243569
8265;0.545645831774
8266;0.463718558209
8267;0.541374132829
8268;0.548291349688
8269;0.532607096379
8270;0.516650524417
8271;0.911136545445
8272;0.945774221870
8273;0.964448041295
8274;0.895003441359
8275;0.971529000607
8276;1.172423860082
8277;1.041438304678
8278;0.566378610707
8279;0.655768525065
8280;0.817400080348
8281;0.686656664834
8282;0.562664100257
8283;0.746755249469
8284;1.147116674230
8285;1.125752623179
8286;1.158566209535
8287;0.720795092256
8288;0.672064344319
8289;0.651011897369
8290;0.530452094312
8291;0.680344969477
8292;0.611097948110
8293;0.592010349928
8294;0.582542345549
8295;1.266406254323
8296;1.153347234727
8297;1.215854708871
8298;1.322620721369
8299;1.191904977330
8300;1.188326745239
8301;1.079822308268
8302;0.704615294535
8303;0.619499625096
8304;0.626044274252
8305;0.635348689461
8306;0.572519502132
8307;0.579516550895
8308;0.583027728854
8309;0.729345865174
8310;0.998883620321
8311;0.904600742994
8312;0.689710425218
8313;0.705940959473
8314;0.775454071703
8315;0.819144724938
8316;0.720759713014
8317;0.701795920626
8318;0.768177469966
8319;0.825479984637
8320;0.824086807246
8321;0.910141196744
8322;1.087990890590
8323;1.004676635412
8324;0.886803867790
8325;1.027276282280
8326;0.762918276423
8327;0.559434183695
8328;0.434225185496
8329;0.520900933302
8330;0.608168906099
8331;0.508352093078
8332;0.502852954292
8333;0.845654445394
8334;0.961855862106
8335;0.682398035705
8336;0.574665736700
8337;0.633578729942
8338;0.625525538105
8339;0.561006686562
8340;0.613450684902
8341;0.691744041267
8342;0.711686433548
8343;0.776742809874
8344;0.856373032907
8345;0.900896410207
8346;0.818486953200
8347;0.779586856233
8348;0.883195338440
8349;1.030907781749
8350;0.484065351692
8351;0.591722773535
8352;0.637389374869
8353;0.641042001509
8354;0.647975144662
8355;0.568520884652
8356;0.908113191286
8357;1.190196799986
8358;0.936821217483
8359;0.516147742996
8360;0.633787143527
8361;0.539918447255
8362;0.475446992298
8363;0.558199667103
8364;0.673297114576
8365;0.592832099714
8366;0.528251042094
8367;0.845430853093
8368;1.062435668958
8369;1.121031291972
8370;0.917708413387
8371;1.165012863993
8372;1.029728104679
8373;1.080071716074
8374;0.703804083181
8375;0.659388662081
8376;0.655574459303
8377;0.644177919818
8378;0.551282056978
8379;0.702825633090
8380;1.225502690767
8381;1.204346383987
8382;1.101388507458
8383;0.608711084220
8384;0.661507805316
8385;0.571856080776
8386;0.577719769636
8387;0.645963892723
8388;0.603406775966
8389;0.575301535897
8390;0.555520491902
8391;1.168059834208
8392;1.190730927711
8393;1.002731441426
8394;1.298883240679
8395;1.279009865521
8396;1.159359623507
8397;1.068476474663
8398;0.790584983658
8399;0.824570846743
8400;0.678297153748
8401;0.552630660789
8402;0.752103188500
8403;0.854514941677
8404;0.879657949174
8405;1.122608102713
8406;1.094199836711
8407;0.648469976237
8408;0.576969877394
8409;0.606377622078
8410;0.648642873266
8411;0.585324326350
8412;0.549346868759
8413;0.665775996698
8414;0.662270572249
8415;1.044602757451
8416;1.077091331874
8417;1.175735772549
8418;1.249983029414
8419;1.693488652995
8420;1.132981333711
8421;1.080218716769
8422;0.704779593552
8423;0.658857199774
8424;0.643903023850
8425;0.595383846406
8426;0.524776456410
8427;0.458441158846
8428;0.774535288364
8429;1.088315128606
8430;0.878074108215
8431;0.418171819498
8432;0.475655430124
8433;0.567806814010
8434;0.520077289984
8435;0.412842051772
8436;0.421920929070
8437;0.491426920021
8438;0.449843175616
8439;0.727614463806
8440;0.880589631777
8441;0.883060839551
8442;1.007557167880
8443;0.955826990153
8444;0.948819061107
8445;1.007963672174
8446;0.479871302456
8447;0.692738046367
8448;0.831831530603
8449;0.861863402248
8450;0.630821593471
8451;0.700579474113
8452;1.197323122733
8453;1.494084760898
8454;1.312418972366
8455;0.603620822253
8456;0.828574086174
8457;0.702843110339
8458;0.667982562223
8459;0.762440966938
8460;0.748211089383
8461;0.673462779276
8462;0.583442864288
8463;1.165387068466
8464;1.357401943677
8465;1.097983593902
8466;1.157072393760
8467;1.494769010461
8468;1.366902980986
8469;1.079656718591
8470;0.704059516549
8471;0.619618691621
8472;0.626003504681
8473;0.633178770344
8474;0.540058740754
8475;0.642732486025
8476;0.683292904814
8477;0.706335214162
8478;0.885932325345
8479;0.916110152318
8480;0.731782775291
8481;0.599700033294
8482;0.722285859641
8483;0.848450199976
8484;0.761320847615
8485;0.612152134058
8486;0.781495706830
8487;0.992737706206
8488;0.832588678286
8489;0.810240629674
8490;0.905778049474
8491;1.009970023989
8492;0.796215034035
8493;0.916166917896
8494;0.761269966463
8495;0.654592037549
8496;0.578325552033
8497;0.596543818090
8498;0.660867233844
8499;0.755557508139
8500;0.604608526789
8501;0.853999986786
8502;1.032827579748
8503;0.948792228786
8504;0.795065120098
8505;0.817690213602
8506;0.915692753244
8507;0.778859409735
8508;0.670070645240
8509;0.781749576581
8510;0.831130447110
8511;0.818170689142
8512;1.053175997559
8513;1.041268033081
8514;0.997974405167
8515;0.923458753609
8516;1.107467076710
8517;1.253141570791
8518;0.643221786539
8519;0.453242635747
8520;0.485833870997
8521;0.592848767382
8522;0.553429604957
8523;0.521035631900
8524;0.817200351811
8525;1.074081052771
8526;1.005917118466
8527;0.410900283556
8528;0.482565866216
8529;0.544555539605
8530;0.429408940685
8531;0.448048657659
8532;0.579822779403
8533;0.527965704548
8534;0.495626061526
8535;0.769308709671
8536;1.051938531034
8537;0.890993924932
8538;0.957815485541
8539;0.905962509349
8540;1.081222169580
8541;1.078737838381
8542;0.703946656228
8543;0.658704320190
8544;0.655712313325
8545;0.653757838497
8546;0.572919413139
8547;0.578763663318
8548;0.957563413508
8549;1.012146976140
8550;0.937993293182
8551;0.551054296068
8552;0.596820760435
8553;0.522056589036
8554;0.414528556877
8555;0.565813784650
8556;0.564892803551
8557;0.502263673491
8558;0.450287635435
8559;0.913507437690
8560;0.976093566140
8561;0.861323490657
8562;1.054341635593
8563;0.972628556552
8564;1.072561239948
8565;1.006336897339
8566;0.658252390488
8567;0.770826786544
8568;0.710749334901
8569;0.599728671611
8570;0.713503888745
8571;0.809596217283
8572;1.154722907505
8573;1.057411198973
8574;1.162255989810
8575;0.702744830370
8576;0.635324957607
8577;0.534336481436
8578;0.692273897852
8579;0.619341189255
8580;0.609109594454
8581;0.504417883341
8582;0.682595094350
8583;1.078916313514
8584;1.068661622480
8585;1.042334291608
8586;1.213276969172
8587;1.771014593961
8588;1.195038406264
8589;1.278539283694
8590;0.704999461098
8591;0.659555427658
8592;0.655296095484
8593;0.647016407015
8594;0.568760589682
8595;0.754646300010
8596;0.837384085950
8597;1.079904673885
8598;1.248944743332
8599;0.531306685109
8600;0.485918741407
8601;0.618095634104
8602;0.673318184988
8603;0.590590750125
8604;0.531965797702
8605;0.596062447269
8606;0.620790490922
8607;0.990675176188
8608;1.116919941531
8609;1.101439297369
8610;1.040511492906
8611;1.149496618593
8612;1.208309136978
8613;1.257571262546
8614;0.728669336354
8615;0.524349239420
8616;0.589441944805
8617;0.756367392139
8618;0.622624139068
8619;0.536559814865
8620;0.974219349024
8621;1.131169478532
8622;1.073639199811
8623;0.464293685500
8624;0.648413834946
8625;0.606377432837
8626;0.523422562229
8627;0.569183413461
8628;0.613495368530
8629;0.594548555441
8630;0.534105722482
8631;0.883970204927
8632;1.135090480462
8633;1.193866824041
8634;1.161951878240
8635;1.180337073565
8636;1.108830057262
8637;1.049710213462
8638;0.704459392608
8639;0.618798765909
8640;0.626063446990
8641;0.639768427497
8642;0.695522463393
8643;0.611191815273
8644;0.672783411853
8645;0.871447637850
8646;0.870061357244
8647;0.874927976664
8648;0.774678769648
8649;0.707807840330
8650;0.624637158954
8651;0.768332752640
8652;0.732771865691
8653;0.706889862689
8654;0.662373095790
8655;0.911381532756
8656;0.972138433145
8657;1.027571700152
8658;0.916059367429
8659;1.135019116558
8660;1.057812555993
8661;0.859080567149
8662;0.729226452165
8663;0.855607368798
8664;0.764383457757
8665;0.659684386029
8666;0.752115896593
8667;0.820715470142
8668;0.698673561999
8669;0.865837235066
8670;1.148705783868
8671;0.923728107664
8672;0.744579465841
8673;0.881265660371
8674;0.987155262952
8675;0.963495487408
8676;0.837783265058
8677;0.771054021730
8678;0.979665373247
8679;1.002095982384
8680;0.974565767919
8681;1.231527936445
8682;1.173072840442
8683;1.000477070149
8684;0.945067627825
8685;1.170318952706
8686;0.824918968393
8687;0.543449669201
8688;0.464025384879
8689;0.607820237222
8690;0.706603485199
8691;0.505082525448
8692;0.803350436551
8693;1.036578403446
8694;1.149036853901
8695;0.476111819067
8696;0.442681669102
8697;0.601773846139
8698;0.562680031648
8699;0.423252199075
8700;0.541628076989
8701;0.514550740540
8702;0.542995346296
8703;0.913685520842
8704;0.987596314436
8705;1.179984687148
8706;0.949182365969
8707;1.019833521045
8708;1.132062313732
8709;1.079748969784
8710;0.704479091155
8711;0.659069868468
8712;0.644260992345
8713;0.735094375832
8714;0.568437235487
8715;0.554536183437
8716;1.065750354794
8717;1.087505896882
8718;1.161219739526
8719;0.498323369197
8720;0.566797521428
8721;0.681787243176
8722;0.555970800606
8723;0.561412816494
8724;0.580713909350
8725;0.552571198436
8726;0.534054493352
8727;1.011599055977
8728;1.028951982216
8729;0.992053985796
8730;1.064265357367
8731;1.180654578646
8732;1.115480944964
8733;1.116420922113
8734;0.573372153215
8735;0.637898043222
8736;0.652630175975
8737;0.648151423955
8738;0.557420651671
8739;0.691094884713
8740;1.146741479945
8741;1.066796951883
8742;1.045450440948
8743;0.622709672842
8744;0.590953564564
8745;0.533437959535
8746;0.559985328077
8747;0.588129278565
8748;0.606239960344
8749;0.466421297578
8750;0.518837382201
8751;0.974091256363
8752;1.091891702915
8753;0.907779502981
8754;1.040823079188
8755;1.251646436513
8756;0.956712591767
8757;0.950993086462
8758;0.821961104502
8759;0.682585102286
