t;production
0;0.000000000000
1;0.000000000000
2;0.000000000000
3;0.000000000000
4;0.000000000000
5;0.000000000000
6;0.000000000000
7;0.000000000000
8;0.366640000000
9;1.146400000000
10;0.199440000000
11;0.088560000000
12;0.140320000000
13;0.282960000000
14;0.014480000000
15;0.000000000000
16;0.000000000000
17;0.000000000000
18;0.000000000000
19;0.000000000000
20;0.000000000000
21;0.000000000000
22;0.000000000000
23;0.000000000000
24;0.000000000000
25;0.000000000000
26;0.000000000000
27;0.000000000000
28;0.000000000000
29;0.000000000000
30;0.000000000000
31;0.000000000000
32;0.926720000000
33;1.122640000000
34;0.304720000000
35;0.414880000000
36;0.194640000000
37;0.200480000000
38;0.044960000000
39;0.000000000000
40;0.000000000000
41;0.000000000000
42;0.000000000000
43;0.000000000000
44;0.000000000000
45;0.000000000000
46;0.000000000000
47;0.000000000000
48;0.000000000000
49;0.000000000000
50;0.000000000000
51;0.000000000000
52;0.000000000000
53;0.000000000000
54;0.000000000000
55;0.000000000000
56;0.246720000000
57;0.335840000000
58;0.163680000000
59;0.217040000000
60;0.181120000000
61;0.145840000000
62;0.034160000000
63;0.000000000000
64;0.000000000000
65;0.000000000000
66;0.000000000000
67;0.000000000000
68;0.000000000000
69;0.000000000000
70;0.000000000000
71;0.000000000000
72;0.000000000000
73;0.000000000000
74;0.000000000000
75;0.000000000000
76;0.000000000000
77;0.000000000000
78;0.000000000000
79;0.000000000000
80;0.429200000000
81;0.644720000000
82;0.094560000000
83;0.369920000000
84;0.205680000000
85;0.140720000000
86;0.050160000000
87;0.000000000000
88;0.000000000000
89;0.000000000000
90;0.000000000000
91;0.000000000000
92;0.000000000000
93;0.000000000000
94;0.000000000000
95;0.000000000000
96;0.000000000000
97;0.000000000000
98;0.000000000000
99;0.000000000000
100;0.000000000000
101;0.000000000000
102;0.000000000000
103;0.000000000000
104;0.309600000000
105;0.637760000000
106;0.555440000000
107;0.469600000000
108;0.292800000000
109;0.101120000000
110;0.067200000000
111;0.000000000000
112;0.000000000000
113;0.000000000000
114;0.000000000000
115;0.000000000000
116;0.000000000000
117;0.000000000000
118;0.000000000000
119;0.000000000000
120;0.000000000000
121;0.000000000000
122;0.000000000000
123;0.000000000000
124;0.000000000000
125;0.000000000000
126;0.000000000000
127;0.000000000000
128;0.246320000000
129;0.326880000000
130;0.195920000000
131;0.311360000000
132;0.237600000000
133;0.147440000000
134;0.039840000000
135;0.000000000000
136;0.000000000000
137;0.000000000000
138;0.000000000000
139;0.000000000000
140;0.000000000000
141;0.000000000000
142;0.000000000000
143;0.000000000000
144;0.000000000000
145;0.000000000000
146;0.000000000000
147;0.000000000000
148;0.000000000000
149;0.000000000000
150;0.000000000000
151;0.000000000000
152;0.257840000000
153;0.511360000000
154;0.220000000000
155;0.249920000000
156;0.261680000000
157;0.200880000000
158;0.066880000000
159;0.000000000000
160;0.000000000000
161;0.000000000000
162;0.000000000000
163;0.000000000000
164;0.000000000000
165;0.000000000000
166;0.000000000000
167;0.000000000000
168;0.000000000000
169;0.000000000000
170;0.000000000000
171;0.000000000000
172;0.000000000000
173;0.000000000000
174;0.000000000000
175;0.000000000000
176;2.236000000000
177;3.866000000000
178;4.852320000000
179;4.844080000000
180;4.318160000000
181;3.360160000000
182;1.223280000000
183;0.000000000000
184;0.000000000000
185;0.000000000000
186;0.000000000000
187;0.000000000000
188;0.000000000000
189;0.000000000000
190;0.000000000000
191;0.000000000000
192;0.000000000000
193;0.000000000000
194;0.000000000000
195;0.000000000000
196;0.000000000000
197;0.000000000000
198;0.000000000000
199;0.000000000000
200;2.255360000000
201;3.860720000000
202;4.744880000000
203;4.944160000000
204;4.352880000000
205;0.000000000000
206;0.000000000000
207;0.000000000000
208;0.000000000000
209;0.000000000000
210;0.000000000000
211;0.000000000000
212;0.000000000000
213;0.000000000000
214;0.000000000000
215;0.000000000000
216;0.000000000000
217;0.000000000000
218;0.000000000000
219;0.000000000000
220;0.000000000000
221;0.000000000000
222;0.000000000000
223;0.000000000000
224;2.071360000000
225;3.695440000000
226;4.149600000000
227;3.340720000000
228;2.642080000000
229;0.920960000000
230;0.297440000000
231;0.000000000000
232;0.000000000000
233;0.000000000000
234;0.000000000000
235;0.000000000000
236;0.000000000000
237;0.000000000000
238;0.000000000000
239;0.000000000000
240;0.000000000000
241;0.000000000000
242;0.000000000000
243;0.000000000000
244;0.000000000000
245;0.000000000000
246;0.000000000000
247;0.000000000000
248;1.692400000000
249;3.512640000000
250;4.453200000000
251;4.185920000000
252;3.636720000000
253;3.529120000000
254;1.957520000000
255;0.000000000000
256;0.000000000000
257;0.000000000000
258;0.000000000000
259;0.000000000000
260;0.000000000000
261;0.000000000000
262;0.000000000000
263;0.000000000000
264;0.000000000000
265;0.000000000000
266;0.000000000000
267;0.000000000000
268;0.000000000000
269;0.000000000000
270;0.000000000000
271;0.000000000000
272;1.733840000000
273;0.806240000000
274;0.234640000000
275;0.258560000000
276;0.000000000000
277;0.000000000000
278;0.055200000000
279;0.000000000000
280;0.000000000000
281;0.000000000000
282;0.000000000000
283;0.000000000000
284;0.000000000000
285;0.000000000000
286;0.000000000000
287;0.000000000000
288;0.000000000000
289;0.000000000000
290;0.000000000000
291;0.000000000000
292;0.000000000000
293;0.000000000000
294;0.000000000000
295;0.000000000000
296;0.320800000000
297;0.372720000000
298;0.225200000000
299;0.255280000000
300;0.212800000000
301;0.153040000000
302;0.061280000000
303;0.000000000000
304;0.000000000000
305;0.000000000000
306;0.000000000000
307;0.000000000000
308;0.000000000000
309;0.000000000000
310;0.000000000000
311;0.000000000000
312;0.000000000000
313;0.000000000000
314;0.000000000000
315;0.000000000000
316;0.000000000000
317;0.000000000000
318;0.000000000000
319;0.000000000000
320;0.441920000000
321;0.671360000000
322;0.398480000000
323;0.510400000000
324;0.426880000000
325;0.434000000000
326;0.312000000000
327;0.000000000000
328;0.000000000000
329;0.000000000000
330;0.000000000000
331;0.000000000000
332;0.000000000000
333;0.000000000000
334;0.000000000000
335;0.000000000000
336;0.000000000000
337;0.000000000000
338;0.000000000000
339;0.000000000000
340;0.000000000000
341;0.000000000000
342;0.000000000000
343;0.000000000000
344;0.697440000000
345;1.100080000000
346;0.595520000000
347;0.570800000000
348;0.494880000000
349;0.293440000000
350;0.113120000000
351;0.000000000000
352;0.000000000000
353;0.000000000000
354;0.000000000000
355;0.000000000000
356;0.000000000000
357;0.000000000000
358;0.000000000000
359;0.000000000000
360;0.000000000000
361;0.000000000000
362;0.000000000000
363;0.000000000000
364;0.000000000000
365;0.000000000000
366;0.000000000000
367;0.000000000000
368;1.255280000000
369;3.671360000000
370;4.980320000000
371;5.277760000000
372;4.949840000000
373;3.909040000000
374;2.056080000000
375;0.000000000000
376;0.000000000000
377;0.000000000000
378;0.000000000000
379;0.000000000000
380;0.000000000000
381;0.000000000000
382;0.000000000000
383;0.000000000000
384;0.000000000000
385;0.000000000000
386;0.000000000000
387;0.000000000000
388;0.000000000000
389;0.000000000000
390;0.000000000000
391;0.000000000000
392;2.546960000000
393;4.102480000000
394;5.030480000000
395;5.296720000000
396;4.977440000000
397;4.062800000000
398;2.274560000000
399;0.000000000000
400;0.000000000000
401;0.000000000000
402;0.000000000000
403;0.000000000000
404;0.000000000000
405;0.000000000000
406;0.000000000000
407;0.000000000000
408;0.000000000000
409;0.000000000000
410;0.000000000000
411;0.000000000000
412;0.000000000000
413;0.000000000000
414;0.000000000000
415;0.000000000000
416;0.226160000000
417;0.764000000000
418;0.184960000000
419;0.890320000000
420;0.381040000000
421;0.379360000000
422;0.125120000000
423;0.000000000000
424;0.000000000000
425;0.000000000000
426;0.000000000000
427;0.000000000000
428;0.000000000000
429;0.000000000000
430;0.000000000000
431;0.000000000000
432;0.000000000000
433;0.000000000000
434;0.000000000000
435;0.000000000000
436;0.000000000000
437;0.000000000000
438;0.000000000000
439;0.000000000000
440;0.057040000000
441;0.179200000000
442;1.031120000000
443;0.226480000000
444;0.172080000000
445;0.101440000000
446;0.034880000000
447;0.000000000000
448;0.000000000000
449;0.000000000000
450;0.000000000000
451;0.000000000000
452;0.000000000000
453;0.000000000000
454;0.000000000000
455;0.000000000000
456;0.000000000000
457;0.000000000000
458;0.000000000000
459;0.000000000000
460;0.000000000000
461;0.000000000000
462;0.000000000000
463;0.000000000000
464;0.069280000000
465;0.121840000000
466;0.151680000000
467;0.218720000000
468;0.194080000000
469;0.000000000000
470;0.052160000000
471;0.000000000000
472;0.000000000000
473;0.000000000000
474;0.000000000000
475;0.000000000000
476;0.000000000000
477;0.000000000000
478;0.000000000000
479;0.000000000000
480;0.000000000000
481;0.000000000000
482;0.000000000000
483;0.000000000000
484;0.000000000000
485;0.000000000000
486;0.000000000000
487;0.000000000000
488;0.750880000000
489;0.772800000000
490;0.241920000000
491;0.284320000000
492;0.194080000000
493;0.236640000000
494;0.067120000000
495;0.000000000000
496;0.000000000000
497;0.000000000000
498;0.000000000000
499;0.000000000000
500;0.000000000000
501;0.000000000000
502;0.000000000000
503;0.000000000000
504;0.000000000000
505;0.000000000000
506;0.000000000000
507;0.000000000000
508;0.000000000000
509;0.000000000000
510;0.000000000000
511;0.000000000000
512;2.432080000000
513;1.659840000000
514;4.570720000000
515;3.184160000000
516;3.667520000000
517;3.279120000000
518;2.023040000000
519;0.000000000000
520;0.000000000000
521;0.000000000000
522;0.000000000000
523;0.000000000000
524;0.000000000000
525;0.000000000000
526;0.000000000000
527;0.000000000000
528;0.000000000000
529;0.000000000000
530;0.000000000000
531;0.000000000000
532;0.000000000000
533;0.000000000000
534;0.000000000000
535;0.000000000000
536;2.500400000000
537;3.103520000000
538;3.596480000000
539;3.348160000000
540;2.989280000000
541;1.781440000000
542;0.701360000000
543;0.000000000000
544;0.000000000000
545;0.000000000000
546;0.000000000000
547;0.000000000000
548;0.000000000000
549;0.000000000000
550;0.000000000000
551;0.000000000000
552;0.000000000000
553;0.000000000000
554;0.000000000000
555;0.000000000000
556;0.000000000000
557;0.000000000000
558;0.000000000000
559;0.000000000000
560;1.964960000000
561;3.329920000000
562;4.503040000000
563;2.604800000000
564;2.035520000000
565;0.793840000000
566;0.256880000000
567;0.000000000000
568;0.000000000000
569;0.000000000000
570;0.000000000000
571;0.000000000000
572;0.000000000000
573;0.000000000000
574;0.000000000000
575;0.000000000000
576;0.000000000000
577;0.000000000000
578;0.000000000000
579;0.000000000000
580;0.000000000000
581;0.000000000000
582;0.000000000000
583;0.000000000000
584;0.471840000000
585;0.565520000000
586;1.118640000000
587;1.737920000000
588;0.427840000000
589;0.736480000000
590;0.210320000000
591;0.000000000000
592;0.000000000000
593;0.000000000000
594;0.000000000000
595;0.000000000000
596;0.000000000000
597;0.000000000000
598;0.000000000000
599;0.000000000000
600;0.000000000000
601;0.000000000000
602;0.000000000000
603;0.000000000000
604;0.000000000000
605;0.000000000000
606;0.000000000000
607;0.000000000000
608;2.540240000000
609;4.194960000000
610;4.727360000000
611;4.836960000000
612;4.748240000000
613;3.392800000000
614;2.816240000000
615;0.000000000000
616;0.000000000000
617;0.000000000000
618;0.000000000000
619;0.000000000000
620;0.000000000000
621;0.000000000000
622;0.000000000000
623;0.000000000000
624;0.000000000000
625;0.000000000000
626;0.000000000000
627;0.000000000000
628;0.000000000000
629;0.000000000000
630;0.000000000000
631;0.000000000000
632;2.962720000000
633;4.448080000000
634;5.115280000000
635;5.177440000000
636;4.418800000000
637;3.618240000000
638;2.102320000000
639;0.010000000000
640;0.000000000000
641;0.000000000000
642;0.000000000000
643;0.000000000000
644;0.000000000000
645;0.000000000000
646;0.000000000000
647;0.000000000000
648;0.000000000000
649;0.000000000000
650;0.000000000000
651;0.000000000000
652;0.000000000000
653;0.000000000000
654;0.000000000000
655;0.000000000000
656;2.773760000000
657;4.053360000000
658;4.703280000000
659;4.892000000000
660;4.613200000000
661;3.462800000000
662;0.580240000000
663;0.006160000000
664;0.000000000000
665;0.000000000000
666;0.000000000000
667;0.000000000000
668;0.000000000000
669;0.000000000000
670;0.000000000000
671;0.000000000000
672;0.000000000000
673;0.000000000000
674;0.000000000000
675;0.000000000000
676;0.000000000000
677;0.000000000000
678;0.000000000000
679;0.015040000000
680;0.862320000000
681;0.963280000000
682;0.543840000000
683;0.423920000000
684;0.416800000000
685;0.484800000000
686;0.527040000000
687;0.014800000000
688;0.000000000000
689;0.000000000000
690;0.000000000000
691;0.000000000000
692;0.000000000000
693;0.000000000000
694;0.000000000000
695;0.000000000000
696;0.000000000000
697;0.000000000000
698;0.000000000000
699;0.000000000000
700;0.000000000000
701;0.000000000000
702;0.000000000000
703;0.014880000000
704;0.518320000000
705;0.311440000000
706;0.360560000000
707;0.341840000000
708;0.201280000000
709;0.347760000000
710;0.159440000000
711;0.005920000000
712;0.000000000000
713;0.000000000000
714;0.000000000000
715;0.000000000000
716;0.000000000000
717;0.000000000000
718;0.000000000000
719;0.000000000000
720;0.000000000000
721;0.000000000000
722;0.000000000000
723;0.000000000000
724;0.000000000000
725;0.000000000000
726;0.000000000000
727;0.010160000000
728;0.050640000000
729;0.106640000000
730;0.576400000000
731;0.684720000000
732;1.056800000000
733;1.242320000000
734;1.792800000000
735;0.118640000000
736;0.000000000000
737;0.000000000000
738;0.000000000000
739;0.000000000000
740;0.000000000000
741;0.000000000000
742;0.000000000000
743;0.000000000000
744;0.000000000000
745;0.000000000000
746;0.000000000000
747;0.000000000000
748;0.000000000000
749;0.000000000000
750;0.000000000000
751;0.029680000000
752;0.136560000000
753;0.361440000000
754;0.504160000000
755;0.379040000000
756;0.141600000000
757;0.378000000000
758;0.230880000000
759;0.010160000000
760;0.000000000000
761;0.000000000000
762;0.000000000000
763;0.000000000000
764;0.000000000000
765;0.000000000000
766;0.000000000000
767;0.000000000000
768;0.000000000000
769;0.000000000000
770;0.000000000000
771;0.000000000000
772;0.000000000000
773;0.000000000000
774;0.000000000000
775;0.024400000000
776;0.219120000000
777;0.359760000000
778;0.231040000000
779;0.285600000000
780;0.230800000000
781;0.182640000000
782;0.106320000000
783;0.010080000000
784;0.000000000000
785;0.000000000000
786;0.000000000000
787;0.000000000000
788;0.000000000000
789;0.000000000000
790;0.000000000000
791;0.000000000000
792;0.000000000000
793;0.000000000000
794;0.000000000000
795;0.000000000000
796;0.000000000000
797;0.000000000000
798;0.000000000000
799;0.045120000000
800;0.301120000000
801;0.334080000000
802;0.188400000000
803;0.340080000000
804;0.200240000000
805;0.242320000000
806;0.164480000000
807;0.019360000000
808;0.000000000000
809;0.000000000000
810;0.000000000000
811;0.000000000000
812;0.000000000000
813;0.000000000000
814;0.000000000000
815;0.000000000000
816;0.000000000000
817;0.000000000000
818;0.000000000000
819;0.000000000000
820;0.000000000000
821;0.000000000000
822;0.000000000000
823;0.120720000000
824;0.668160000000
825;2.629760000000
826;2.384480000000
827;3.545280000000
828;3.369360000000
829;2.600960000000
830;2.424560000000
831;0.474240000000
832;0.000000000000
833;0.000000000000
834;0.000000000000
835;0.000000000000
836;0.000000000000
837;0.000000000000
838;0.000000000000
839;0.000000000000
840;0.000000000000
841;0.000000000000
842;0.000000000000
843;0.000000000000
844;0.000000000000
845;0.000000000000
846;0.000000000000
847;0.046800000000
848;0.391360000000
849;0.990880000000
850;0.602240000000
851;0.462640000000
852;0.703280000000
853;0.468000000000
854;0.601680000000
855;0.332400000000
856;0.000000000000
857;0.000000000000
858;0.000000000000
859;0.000000000000
860;0.000000000000
861;0.000000000000
862;0.000000000000
863;0.000000000000
864;0.000000000000
865;0.000000000000
866;0.000000000000
867;0.000000000000
868;0.000000000000
869;0.000000000000
870;0.000000000000
871;0.181600000000
872;0.882160000000
873;0.676720000000
874;0.803680000000
875;0.824640000000
876;0.754960000000
877;0.515360000000
878;0.296000000000
879;0.152080000000
880;0.000000000000
881;0.000000000000
882;0.000000000000
883;0.000000000000
884;0.000000000000
885;0.000000000000
886;0.000000000000
887;0.000000000000
888;0.000000000000
889;0.000000000000
890;0.000000000000
891;0.000000000000
892;0.000000000000
893;0.000000000000
894;0.000000000000
895;0.076960000000
896;0.198480000000
897;0.692480000000
898;0.379600000000
899;0.324480000000
900;0.257840000000
901;0.251760000000
902;0.150880000000
903;0.028800000000
904;0.000000000000
905;0.000000000000
906;0.000000000000
907;0.000000000000
908;0.000000000000
909;0.000000000000
910;0.000000000000
911;0.000000000000
912;0.000000000000
913;0.000000000000
914;0.000000000000
915;0.000000000000
916;0.000000000000
917;0.000000000000
918;0.000000000000
919;0.034000000000
920;0.110880000000
921;0.337200000000
922;0.435200000000
923;0.385920000000
924;0.270160000000
925;0.318720000000
926;0.264480000000
927;0.019120000000
928;0.000000000000
929;0.000000000000
930;0.000000000000
931;0.000000000000
932;0.000000000000
933;0.000000000000
934;0.000000000000
935;0.000000000000
936;0.000000000000
937;0.000000000000
938;0.000000000000
939;0.000000000000
940;0.000000000000
941;0.000000000000
942;0.000000000000
943;0.274160000000
944;0.194080000000
945;0.625520000000
946;0.425600000000
947;0.971040000000
948;0.387440000000
949;0.719440000000
950;0.657040000000
951;0.117520000000
952;0.000000000000
953;0.000000000000
954;0.000000000000
955;0.000000000000
956;0.000000000000
957;0.000000000000
958;0.000000000000
959;0.000000000000
960;0.000000000000
961;0.000000000000
962;0.000000000000
963;0.000000000000
964;0.000000000000
965;0.000000000000
966;0.000000000000
967;0.239280000000
968;1.278160000000
969;1.978320000000
970;0.946080000000
971;0.557680000000
972;0.395040000000
973;0.229600000000
974;0.659040000000
975;0.308400000000
976;0.000000000000
977;0.000000000000
978;0.000000000000
979;0.000000000000
980;0.000000000000
981;0.000000000000
982;0.000000000000
983;0.000000000000
984;0.000000000000
985;0.000000000000
986;0.000000000000
987;0.000000000000
988;0.000000000000
989;0.000000000000
990;0.000000000000
991;0.322400000000
992;0.608160000000
993;0.644560000000
994;0.495120000000
995;0.764320000000
996;0.278880000000
997;0.297040000000
998;0.230240000000
999;0.083440000000
1000;0.000000000000
1001;0.000000000000
1002;0.000000000000
1003;0.000000000000
1004;0.000000000000
1005;0.000000000000
1006;0.000000000000
1007;0.000000000000
1008;0.000000000000
1009;0.000000000000
1010;0.000000000000
1011;0.000000000000
1012;0.000000000000
1013;0.000000000000
1014;0.000000000000
1015;0.371120000000
1016;1.020080000000
1017;1.077520000000
1018;0.604640000000
1019;1.063360000000
1020;1.279840000000
1021;0.977120000000
1022;0.657520000000
1023;0.135760000000
1024;0.000000000000
1025;0.000000000000
1026;0.000000000000
1027;0.000000000000
1028;0.000000000000
1029;0.000000000000
1030;0.000000000000
1031;0.000000000000
1032;0.000000000000
1033;0.000000000000
1034;0.000000000000
1035;0.000000000000
1036;0.000000000000
1037;0.000000000000
1038;0.000000000000
1039;0.255760000000
1040;0.244640000000
1041;0.949680000000
1042;0.260800000000
1043;0.586880000000
1044;0.455920000000
1045;0.437200000000
1046;0.199600000000
1047;0.034320000000
1048;0.000000000000
1049;0.000000000000
1050;0.000000000000
1051;0.000000000000
1052;0.000000000000
1053;0.000000000000
1054;0.000000000000
1055;0.000000000000
1056;0.000000000000
1057;0.000000000000
1058;0.000000000000
1059;0.000000000000
1060;0.000000000000
1061;0.000000000000
1062;0.000000000000
1063;0.481200000000
1064;1.642080000000
1065;3.104320000000
1066;4.178000000000
1067;5.174000000000
1068;5.030320000000
1069;4.291680000000
1070;3.144560000000
1071;1.357840000000
1072;0.000000000000
1073;0.000000000000
1074;0.000000000000
1075;0.000000000000
1076;0.000000000000
1077;0.000000000000
1078;0.000000000000
1079;0.000000000000
1080;0.000000000000
1081;0.000000000000
1082;0.000000000000
1083;0.000000000000
1084;0.000000000000
1085;0.000000000000
1086;0.000000000000
1087;0.351680000000
1088;0.480400000000
1089;0.491040000000
1090;0.315840000000
1091;0.357920000000
1092;0.394320000000
1093;0.712800000000
1094;1.435840000000
1095;0.521920000000
1096;0.000000000000
1097;0.000000000000
1098;0.000000000000
1099;0.000000000000
1100;0.000000000000
1101;0.000000000000
1102;0.000000000000
1103;0.000000000000
1104;0.000000000000
1105;0.000000000000
1106;0.000000000000
1107;0.000000000000
1108;0.000000000000
1109;0.000000000000
1110;0.000000000000
1111;0.123520000000
1112;0.376240000000
1113;0.430880000000
1114;0.301360000000
1115;0.337200000000
1116;0.288400000000
1117;0.162800000000
1118;0.145360000000
1119;0.049680000000
1120;0.000000000000
1121;0.000000000000
1122;0.000000000000
1123;0.000000000000
1124;0.000000000000
1125;0.000000000000
1126;0.000000000000
1127;0.000000000000
1128;0.000000000000
1129;0.000000000000
1130;0.000000000000
1131;0.000000000000
1132;0.000000000000
1133;0.000000000000
1134;0.000000000000
1135;1.007600000000
1136;0.254000000000
1137;0.163920000000
1138;0.296160000000
1139;0.821920000000
1140;0.560560000000
1141;0.665600000000
1142;0.343520000000
1143;0.133840000000
1144;0.000000000000
1145;0.000000000000
1146;0.000000000000
1147;0.000000000000
1148;0.000000000000
1149;0.000000000000
1150;0.000000000000
1151;0.000000000000
1152;0.000000000000
1153;0.000000000000
1154;0.000000000000
1155;0.000000000000
1156;0.000000000000
1157;0.000000000000
1158;0.000000000000
1159;0.582720000000
1160;1.154880000000
1161;4.065120000000
1162;3.708720000000
1163;4.640880000000
1164;1.007680000000
1165;0.731040000000
1166;3.191200000000
1167;1.794880000000
1168;0.000000000000
1169;0.000000000000
1170;0.000000000000
1171;0.000000000000
1172;0.000000000000
1173;0.000000000000
1174;0.000000000000
1175;0.000000000000
1176;0.000000000000
1177;0.000000000000
1178;0.000000000000
1179;0.000000000000
1180;0.000000000000
1181;0.000000000000
1182;0.000000000000
1183;0.034160000000
1184;0.386480000000
1185;0.545520000000
1186;0.336320000000
1187;0.420960000000
1188;0.353760000000
1189;0.287120000000
1190;0.262960000000
1191;0.065520000000
1192;0.000000000000
1193;0.000000000000
1194;0.000000000000
1195;0.000000000000
1196;0.000000000000
1197;0.000000000000
1198;0.000000000000
1199;0.000000000000
1200;0.000000000000
1201;0.000000000000
1202;0.000000000000
1203;0.000000000000
1204;0.000000000000
1205;0.000000000000
1206;0.000000000000
1207;0.348720000000
1208;1.053280000000
1209;1.119280000000
1210;1.769040000000
1211;0.541040000000
1212;1.336880000000
1213;1.394640000000
1214;0.822480000000
1215;0.384640000000
1216;0.000000000000
1217;0.000000000000
1218;0.000000000000
1219;0.000000000000
1220;0.000000000000
1221;0.000000000000
1222;0.000000000000
1223;0.000000000000
1224;0.000000000000
1225;0.000000000000
1226;0.000000000000
1227;0.000000000000
1228;0.000000000000
1229;0.000000000000
1230;0.000000000000
1231;1.356480000000
1232;1.614320000000
1233;0.937280000000
1234;1.479760000000
1235;0.467040000000
1236;0.639280000000
1237;0.520880000000
1238;0.282080000000
1239;0.163120000000
1240;0.000000000000
1241;0.000000000000
1242;0.000000000000
1243;0.000000000000
1244;0.000000000000
1245;0.000000000000
1246;0.000000000000
1247;0.000000000000
1248;0.000000000000
1249;0.000000000000
1250;0.000000000000
1251;0.000000000000
1252;0.000000000000
1253;0.000000000000
1254;0.000000000000
1255;0.344800000000
1256;0.585600000000
1257;0.501760000000
1258;0.395680000000
1259;0.420240000000
1260;0.333840000000
1261;0.370720000000
1262;0.544800000000
1263;0.230320000000
1264;0.000000000000
1265;0.000000000000
1266;0.000000000000
1267;0.000000000000
1268;0.000000000000
1269;0.000000000000
1270;0.000000000000
1271;0.000000000000
1272;0.000000000000
1273;0.000000000000
1274;0.000000000000
1275;0.000000000000
1276;0.000000000000
1277;0.000000000000
1278;0.000000000000
1279;0.947360000000
1280;1.121600000000
1281;1.629040000000
1282;3.039120000000
1283;2.020800000000
1284;2.923760000000
1285;3.031920000000
1286;3.867040000000
1287;0.456080000000
1288;0.000000000000
1289;0.000000000000
1290;0.000000000000
1291;0.000000000000
1292;0.000000000000
1293;0.000000000000
1294;0.000000000000
1295;0.000000000000
1296;0.000000000000
1297;0.000000000000
1298;0.000000000000
1299;0.000000000000
1300;0.000000000000
1301;0.000000000000
1302;0.000000000000
1303;2.186800000000
1304;3.824400000000
1305;5.393600000000
1306;5.876880000000
1307;6.473440000000
1308;6.178320000000
1309;5.450640000000
1310;4.186960000000
1311;2.370240000000
1312;0.000000000000
1313;0.000000000000
1314;0.000000000000
1315;0.000000000000
1316;0.000000000000
1317;0.000000000000
1318;0.000000000000
1319;0.000000000000
1320;0.000000000000
1321;0.000000000000
1322;0.000000000000
1323;0.000000000000
1324;0.000000000000
1325;0.000000000000
1326;0.000000000000
1327;0.284080000000
1328;0.417440000000
1329;0.479280000000
1330;0.292800000000
1331;0.353920000000
1332;0.237200000000
1333;0.249360000000
1334;0.207120000000
1335;0.106720000000
1336;0.002160000000
1337;0.000000000000
1338;0.000000000000
1339;0.000000000000
1340;0.000000000000
1341;0.000000000000
1342;0.000000000000
1343;0.000000000000
1344;0.000000000000
1345;0.000000000000
1346;0.000000000000
1347;0.000000000000
1348;0.000000000000
1349;0.000000000000
1350;0.000000000000
1351;1.562400000000
1352;3.818000000000
1353;4.811200000000
1354;3.703840000000
1355;1.787200000000
1356;1.953520000000
1357;0.625280000000
1358;1.545600000000
1359;0.279680000000
1360;0.029520000000
1361;0.000000000000
1362;0.000000000000
1363;0.000000000000
1364;0.000000000000
1365;0.000000000000
1366;0.000000000000
1367;0.000000000000
1368;0.000000000000
1369;0.000000000000
1370;0.000000000000
1371;0.000000000000
1372;0.000000000000
1373;0.000000000000
1374;0.000000000000
1375;2.034080000000
1376;0.307040000000
1377;0.404800000000
1378;1.663440000000
1379;2.086960000000
1380;0.224320000000
1381;1.593200000000
1382;0.519680000000
1383;2.167600000000
1384;0.099760000000
1385;0.000000000000
1386;0.000000000000
1387;0.000000000000
1388;0.000000000000
1389;0.000000000000
1390;0.000000000000
1391;0.000000000000
1392;0.000000000000
1393;0.000000000000
1394;0.000000000000
1395;0.000000000000
1396;0.000000000000
1397;0.000000000000
1398;0.010480000000
1399;2.016880000000
1400;2.782720000000
1401;4.473280000000
1402;2.185360000000
1403;1.312480000000
1404;0.842080000000
1405;0.559520000000
1406;0.325360000000
1407;0.235040000000
1408;0.034160000000
1409;0.000000000000
1410;0.000000000000
1411;0.000000000000
1412;0.000000000000
1413;0.000000000000
1414;0.000000000000
1415;0.000000000000
1416;0.000000000000
1417;0.000000000000
1418;0.000000000000
1419;0.000000000000
1420;0.000000000000
1421;0.000000000000
1422;0.034400000000
1423;0.952960000000
1424;1.184720000000
1425;1.747200000000
1426;0.914880000000
1427;0.879520000000
1428;0.000000000000
1429;0.410960000000
1430;0.349680000000
1431;0.116400000000
1432;0.018960000000
1433;0.000000000000
1434;0.000000000000
1435;0.000000000000
1436;0.000000000000
1437;0.000000000000
1438;0.000000000000
1439;0.000000000000
1440;0.000000000000
1441;0.000000000000
1442;0.000000000000
1443;0.000000000000
1444;0.000000000000
1445;0.000000000000
1446;0.005760000000
1447;0.151760000000
1448;0.331040000000
1449;0.822880000000
1450;2.247200000000
1451;2.016640000000
1452;0.000000000000
1453;0.382480000000
1454;0.353120000000
1455;0.960240000000
1456;0.237440000000
1457;0.000000000000
1458;0.000000000000
1459;0.000000000000
1460;0.000000000000
1461;0.000000000000
1462;0.000000000000
1463;0.000000000000
1464;0.000000000000
1465;0.000000000000
1466;0.000000000000
1467;0.000000000000
1468;0.000000000000
1469;0.000000000000
1470;0.005760000000
1471;0.877520000000
1472;1.079680000000
1473;1.658320000000
1474;2.260400000000
1475;1.226400000000
1476;0.000000000000
1477;0.786080000000
1478;0.965600000000
1479;1.910000000000
1480;0.460080000000
1481;0.000000000000
1482;0.000000000000
1483;0.000000000000
1484;0.000000000000
1485;0.000000000000
1486;0.000000000000
1487;0.000000000000
1488;0.000000000000
1489;0.000000000000
1490;0.000000000000
1491;0.000000000000
1492;0.000000000000
1493;0.000000000000
1494;0.227120000000
1495;0.503920000000
1496;2.532640000000
1497;1.338320000000
1498;0.762640000000
1499;2.705280000000
1500;0.268240000000
1501;0.610560000000
1502;0.239120000000
1503;1.265840000000
1504;0.343840000000
1505;0.000000000000
1506;0.000000000000
1507;0.000000000000
1508;0.000000000000
1509;0.000000000000
1510;0.000000000000
1511;0.000000000000
1512;0.000000000000
1513;0.000000000000
1514;0.000000000000
1515;0.000000000000
1516;0.000000000000
1517;0.000000000000
1518;0.095680000000
1519;0.720080000000
1520;1.071680000000
1521;1.294400000000
1522;0.744400000000
1523;1.077760000000
1524;0.232720000000
1525;0.469360000000
1526;2.572240000000
1527;1.531600000000
1528;0.460240000000
1529;0.000000000000
1530;0.000000000000
1531;0.000000000000
1532;0.000000000000
1533;0.000000000000
1534;0.000000000000
1535;0.000000000000
1536;0.000000000000
1537;0.000000000000
1538;0.000000000000
1539;0.000000000000
1540;0.000000000000
1541;0.000000000000
1542;0.050320000000
1543;0.187920000000
1544;0.793200000000
1545;2.056560000000
1546;1.559760000000
1547;0.609920000000
1548;0.382320000000
1549;0.743440000000
1550;0.694560000000
1551;0.398000000000
1552;0.266640000000
1553;0.000000000000
1554;0.000000000000
1555;0.000000000000
1556;0.000000000000
1557;0.000000000000
1558;0.000000000000
1559;0.000000000000
1560;0.000000000000
1561;0.000000000000
1562;0.000000000000
1563;0.000000000000
1564;0.000000000000
1565;0.000000000000
1566;0.206160000000
1567;0.507920000000
1568;2.780960000000
1569;3.394640000000
1570;4.528080000000
1571;5.198160000000
1572;3.008320000000
1573;4.260560000000
1574;1.628720000000
1575;0.758320000000
1576;0.343440000000
1577;0.000000000000
1578;0.000000000000
1579;0.000000000000
1580;0.000000000000
1581;0.000000000000
1582;0.000000000000
1583;0.000000000000
1584;0.000000000000
1585;0.000000000000
1586;0.000000000000
1587;0.000000000000
1588;0.000000000000
1589;0.000000000000
1590;0.317200000000
1591;2.205760000000
1592;3.770720000000
1593;5.069600000000
1594;5.581200000000
1595;5.936640000000
1596;5.347360000000
1597;4.601680000000
1598;2.524880000000
1599;1.121200000000
1600;0.497840000000
1601;0.000000000000
1602;0.000000000000
1603;0.000000000000
1604;0.000000000000
1605;0.000000000000
1606;0.000000000000
1607;0.000000000000
1608;0.000000000000
1609;0.000000000000
1610;0.000000000000
1611;0.000000000000
1612;0.000000000000
1613;0.000000000000
1614;0.411200000000
1615;1.290400000000
1616;0.729840000000
1617;0.746720000000
1618;0.604240000000
1619;0.542640000000
1620;0.312720000000
1621;0.663440000000
1622;3.487520000000
1623;2.153120000000
1624;0.497680000000
1625;0.000000000000
1626;0.000000000000
1627;0.000000000000
1628;0.000000000000
1629;0.000000000000
1630;0.000000000000
1631;0.000000000000
1632;0.000000000000
1633;0.000000000000
1634;0.000000000000
1635;0.000000000000
1636;0.000000000000
1637;0.000000000000
1638;0.360960000000
1639;1.594800000000
1640;3.400720000000
1641;4.860400000000
1642;2.272480000000
1643;2.139600000000
1644;0.984480000000
1645;0.863920000000
1646;0.449280000000
1647;0.299760000000
1648;0.307520000000
1649;0.000000000000
1650;0.000000000000
1651;0.000000000000
1652;0.000000000000
1653;0.000000000000
1654;0.000000000000
1655;0.000000000000
1656;0.000000000000
1657;0.000000000000
1658;0.000000000000
1659;0.000000000000
1660;0.000000000000
1661;0.000000000000
1662;0.123280000000
1663;0.451120000000
1664;0.607440000000
1665;1.132240000000
1666;1.900400000000
1667;0.767200000000
1668;0.471680000000
1669;0.362240000000
1670;0.302000000000
1671;0.717520000000
1672;0.238080000000
1673;0.000000000000
1674;0.000000000000
1675;0.000000000000
1676;0.000000000000
1677;0.000000000000
1678;0.000000000000
1679;0.000000000000
1680;0.000000000000
1681;0.000000000000
1682;0.000000000000
1683;0.000000000000
1684;0.000000000000
1685;0.000000000000
1686;0.077520000000
1687;0.229680000000
1688;0.516880000000
1689;0.664320000000
1690;2.469680000000
1691;0.802560000000
1692;0.838080000000
1693;2.039120000000
1694;1.261520000000
1695;0.394880000000
1696;0.356800000000
1697;0.000000000000
1698;0.000000000000
1699;0.000000000000
1700;0.000000000000
1701;0.000000000000
1702;0.000000000000
1703;0.000000000000
1704;0.000000000000
1705;0.000000000000
1706;0.000000000000
1707;0.000000000000
1708;0.000000000000
1709;0.000000000000
1710;0.311280000000
1711;0.932560000000
1712;3.831920000000
1713;5.188480000000
1714;5.280160000000
1715;6.084320000000
1716;4.784480000000
1717;5.022720000000
1718;1.967920000000
1719;1.102320000000
1720;0.109200000000
1721;0.000000000000
1722;0.000000000000
1723;0.000000000000
1724;0.000000000000
1725;0.000000000000
1726;0.000000000000
1727;0.000000000000
1728;0.000000000000
1729;0.000000000000
1730;0.000000000000
1731;0.000000000000
1732;0.000000000000
1733;0.000000000000
1734;0.044480000000
1735;0.186560000000
1736;0.656480000000
1737;1.595920000000
1738;0.805920000000
1739;0.693440000000
1740;0.833760000000
1741;0.642560000000
1742;0.404240000000
1743;0.505120000000
1744;0.247360000000
1745;0.000000000000
1746;0.000000000000
1747;0.000000000000
1748;0.000000000000
1749;0.000000000000
1750;0.000000000000
1751;0.000000000000
1752;0.000000000000
1753;0.000000000000
1754;0.000000000000
1755;0.000000000000
1756;0.000000000000
1757;0.000000000000
1758;0.234880000000
1759;0.741760000000
1760;0.598720000000
1761;0.542160000000
1762;0.584400000000
1763;0.645520000000
1764;0.459680000000
1765;0.538080000000
1766;0.567840000000
1767;0.355040000000
1768;0.306960000000
1769;0.000000000000
1770;0.000000000000
1771;0.000000000000
1772;0.000000000000
1773;0.000000000000
1774;0.000000000000
1775;0.000000000000
1776;0.000000000000
1777;0.000000000000
1778;0.000000000000
1779;0.000000000000
1780;0.000000000000
1781;0.000000000000
1782;0.577920000000
1783;0.816720000000
1784;0.878880000000
1785;1.022320000000
1786;2.161120000000
1787;4.008320000000
1788;5.141120000000
1789;5.073440000000
1790;3.938240000000
1791;2.402720000000
1792;0.729600000000
1793;0.000000000000
1794;0.000000000000
1795;0.000000000000
1796;0.000000000000
1797;0.000000000000
1798;0.000000000000
1799;0.000000000000
1800;0.000000000000
1801;0.000000000000
1802;0.000000000000
1803;0.000000000000
1804;0.000000000000
1805;0.000000000000
1806;0.710960000000
1807;2.459200000000
1808;4.093280000000
1809;5.399280000000
1810;5.969120000000
1811;6.349040000000
1812;6.111120000000
1813;5.435840000000
1814;4.152560000000
1815;2.541200000000
1816;0.830480000000
1817;0.000000000000
1818;0.000000000000
1819;0.000000000000
1820;0.000000000000
1821;0.000000000000
1822;0.000000000000
1823;0.000000000000
1824;0.000000000000
1825;0.000000000000
1826;0.000000000000
1827;0.000000000000
1828;0.000000000000
1829;0.000000000000
1830;0.997200000000
1831;2.877680000000
1832;4.454000000000
1833;5.698080000000
1834;6.303760000000
1835;6.648960000000
1836;6.326720000000
1837;5.669120000000
1838;4.385120000000
1839;2.724320000000
1840;0.911600000000
1841;0.000000000000
1842;0.000000000000
1843;0.000000000000
1844;0.000000000000
1845;0.000000000000
1846;0.000000000000
1847;0.000000000000
1848;0.000000000000
1849;0.000000000000
1850;0.000000000000
1851;0.000000000000
1852;0.000000000000
1853;0.000000000000
1854;0.986320000000
1855;2.825520000000
1856;4.365600000000
1857;5.553520000000
1858;6.051600000000
1859;6.472080000000
1860;6.228080000000
1861;5.476960000000
1862;4.142160000000
1863;2.584560000000
1864;0.896880000000
1865;0.000000000000
1866;0.000000000000
1867;0.000000000000
1868;0.000000000000
1869;0.000000000000
1870;0.000000000000
1871;0.000000000000
1872;0.000000000000
1873;0.000000000000
1874;0.000000000000
1875;0.000000000000
1876;0.000000000000
1877;0.000000000000
1878;0.893440000000
1879;2.712640000000
1880;4.148800000000
1881;5.188800000000
1882;6.348400000000
1883;5.413280000000
1884;5.669680000000
1885;4.514480000000
1886;2.059600000000
1887;1.181840000000
1888;0.410160000000
1889;0.000000000000
1890;0.000000000000
1891;0.000000000000
1892;0.000000000000
1893;0.000000000000
1894;0.000000000000
1895;0.000000000000
1896;0.000000000000
1897;0.000000000000
1898;0.000000000000
1899;0.000000000000
1900;0.000000000000
1901;0.000000000000
1902;0.463520000000
1903;0.572720000000
1904;0.855920000000
1905;1.027280000000
1906;0.555680000000
1907;1.060000000000
1908;1.178000000000
1909;1.181840000000
1910;0.711040000000
1911;0.576640000000
1912;0.039040000000
1913;0.000000000000
1914;0.000000000000
1915;0.000000000000
1916;0.000000000000
1917;0.000000000000
1918;0.000000000000
1919;0.000000000000
1920;0.000000000000
1921;0.000000000000
1922;0.000000000000
1923;0.000000000000
1924;0.000000000000
1925;0.000000000000
1926;1.189920000000
1927;3.009360000000
1928;4.653920000000
1929;5.738160000000
1930;5.824560000000
1931;5.592240000000
1932;5.123520000000
1933;5.029840000000
1934;4.160320000000
1935;2.423680000000
1936;0.744720000000
1937;0.000000000000
1938;0.000000000000
1939;0.000000000000
1940;0.000000000000
1941;0.000000000000
1942;0.000000000000
1943;0.000000000000
1944;0.000000000000
1945;0.000000000000
1946;0.000000000000
1947;0.000000000000
1948;0.000000000000
1949;0.000000000000
1950;0.745600000000
1951;2.791200000000
1952;3.610000000000
1953;5.379680000000
1954;5.914640000000
1955;6.172960000000
1956;6.189760000000
1957;5.313200000000
1958;4.107200000000
1959;2.323760000000
1960;0.925200000000
1961;0.000000000000
1962;0.000000000000
1963;0.000000000000
1964;0.000000000000
1965;0.000000000000
1966;0.000000000000
1967;0.000000000000
1968;0.000000000000
1969;0.000000000000
1970;0.000000000000
1971;0.000000000000
1972;0.000000000000
1973;0.000000000000
1974;0.601280000000
1975;1.247280000000
1976;1.687840000000
1977;2.972400000000
1978;5.496640000000
1979;5.905280000000
1980;2.825440000000
1981;1.810720000000
1982;1.891920000000
1983;0.995840000000
1984;0.749200000000
1985;0.000000000000
1986;0.000000000000
1987;0.000000000000
1988;0.000000000000
1989;0.000000000000
1990;0.000000000000
1991;0.000000000000
1992;0.000000000000
1993;0.000000000000
1994;0.000000000000
1995;0.000000000000
1996;0.000000000000
1997;0.009840000000
1998;0.642960000000
1999;2.388640000000
2000;3.964320000000
2001;5.234160000000
2002;5.722240000000
2003;6.077440000000
2004;5.923440000000
2005;5.174560000000
2006;3.688080000000
2007;1.699600000000
2008;0.577280000000
2009;0.000000000000
2010;0.000000000000
2011;0.000000000000
2012;0.000000000000
2013;0.000000000000
2014;0.000000000000
2015;0.000000000000
2016;0.000000000000
2017;0.000000000000
2018;0.000000000000
2019;0.000000000000
2020;0.000000000000
2021;0.001840000000
2022;0.091600000000
2023;0.318160000000
2024;0.406080000000
2025;0.562000000000
2026;0.694240000000
2027;0.753840000000
2028;0.759680000000
2029;0.578480000000
2030;0.262400000000
2031;0.141360000000
2032;0.366720000000
2033;0.000000000000
2034;0.000000000000
2035;0.000000000000
2036;0.000000000000
2037;0.000000000000
2038;0.000000000000
2039;0.000000000000
2040;0.000000000000
2041;0.000000000000
2042;0.000000000000
2043;0.000000000000
2044;0.000000000000
2045;0.009760000000
2046;0.576080000000
2047;1.330160000000
2048;1.834160000000
2049;0.770720000000
2050;0.458320000000
2051;1.456560000000
2052;1.000240000000
2053;0.944800000000
2054;1.244320000000
2055;1.346560000000
2056;0.376640000000
2057;0.000000000000
2058;0.000000000000
2059;0.000000000000
2060;0.000000000000
2061;0.000000000000
2062;0.000000000000
2063;0.000000000000
2064;0.000000000000
2065;0.000000000000
2066;0.000000000000
2067;0.000000000000
2068;0.000000000000
2069;0.028880000000
2070;0.447280000000
2071;1.020080000000
2072;1.394640000000
2073;2.638880000000
2074;1.437920000000
2075;1.342480000000
2076;0.547680000000
2077;0.675600000000
2078;0.602880000000
2079;0.548080000000
2080;0.596480000000
2081;0.016800000000
2082;0.000000000000
2083;0.000000000000
2084;0.000000000000
2085;0.000000000000
2086;0.000000000000
2087;0.000000000000
2088;0.000000000000
2089;0.000000000000
2090;0.000000000000
2091;0.000000000000
2092;0.000000000000
2093;0.070320000000
2094;0.207840000000
2095;0.418400000000
2096;0.674080000000
2097;0.953840000000
2098;1.468800000000
2099;1.516400000000
2100;1.429040000000
2101;1.202560000000
2102;0.618400000000
2103;0.552080000000
2104;0.372240000000
2105;0.012480000000
2106;0.000000000000
2107;0.000000000000
2108;0.000000000000
2109;0.000000000000
2110;0.000000000000
2111;0.000000000000
2112;0.000000000000
2113;0.000000000000
2114;0.000000000000
2115;0.000000000000
2116;0.000000000000
2117;0.028640000000
2118;0.287520000000
2119;1.020400000000
2120;3.081760000000
2121;1.334160000000
2122;1.257120000000
2123;1.673280000000
2124;1.110160000000
2125;0.453680000000
2126;2.059440000000
2127;0.982960000000
2128;0.997200000000
2129;0.004960000000
2130;0.000000000000
2131;0.000000000000
2132;0.000000000000
2133;0.000000000000
2134;0.000000000000
2135;0.000000000000
2136;0.000000000000
2137;0.000000000000
2138;0.000000000000
2139;0.000000000000
2140;0.000000000000
2141;0.039280000000
2142;0.211280000000
2143;0.290160000000
2144;0.351760000000
2145;0.612720000000
2146;0.593760000000
2147;1.400480000000
2148;1.164000000000
2149;3.699680000000
2150;0.277760000000
2151;1.189520000000
2152;0.488640000000
2153;0.025840000000
2154;0.000000000000
2155;0.000000000000
2156;0.000000000000
2157;0.000000000000
2158;0.000000000000
2159;0.000000000000
2160;0.000000000000
2161;0.000000000000
2162;0.000000000000
2163;0.000000000000
2164;0.000000000000
2165;0.070640000000
2166;0.202320000000
2167;0.449840000000
2168;0.884480000000
2169;0.974240000000
2170;0.830400000000
2171;0.742000000000
2172;1.123840000000
2173;0.933680000000
2174;0.629360000000
2175;0.597520000000
2176;0.632080000000
2177;0.048800000000
2178;0.000000000000
2179;0.000000000000
2180;0.000000000000
2181;0.000000000000
2182;0.000000000000
2183;0.000000000000
2184;0.000000000000
2185;0.000000000000
2186;0.000000000000
2187;0.000000000000
2188;0.000000000000
2189;0.142720000000
2190;1.180480000000
2191;2.350640000000
2192;3.841360000000
2193;4.158880000000
2194;4.454960000000
2195;4.528160000000
2196;3.550080000000
2197;3.606320000000
2198;3.096720000000
2199;2.009920000000
2200;0.622160000000
2201;0.058160000000
2202;0.000000000000
2203;0.000000000000
2204;0.000000000000
2205;0.000000000000
2206;0.000000000000
2207;0.000000000000
2208;0.000000000000
2209;0.000000000000
2210;0.000000000000
2211;0.000000000000
2212;0.000000000000
2213;0.153520000000
2214;0.972320000000
2215;2.519520000000
2216;4.021120000000
2217;4.849920000000
2218;5.423760000000
2219;5.934800000000
2220;5.751600000000
2221;4.940480000000
2222;3.901120000000
2223;2.538560000000
2224;0.942240000000
2225;0.068080000000
2226;0.000000000000
2227;0.000000000000
2228;0.000000000000
2229;0.000000000000
2230;0.000000000000
2231;0.000000000000
2232;0.000000000000
2233;0.000000000000
2234;0.000000000000
2235;0.000000000000
2236;0.000000000000
2237;0.176240000000
2238;1.189360000000
2239;2.698960000000
2240;3.754720000000
2241;4.844080000000
2242;5.620160000000
2243;5.513680000000
2244;3.502080000000
2245;2.379040000000
2246;1.578720000000
2247;0.639520000000
2248;0.216240000000
2249;0.078480000000
2250;0.000000000000
2251;0.000000000000
2252;0.000000000000
2253;0.000000000000
2254;0.000000000000
2255;0.000000000000
2256;0.000000000000
2257;0.000000000000
2258;0.000000000000
2259;0.000000000000
2260;0.000000000000
2261;0.054320000000
2262;0.231760000000
2263;0.459680000000
2264;1.026400000000
2265;1.277760000000
2266;1.617040000000
2267;2.254160000000
2268;2.364320000000
2269;1.255040000000
2270;0.917200000000
2271;0.656880000000
2272;0.673280000000
2273;0.082560000000
2274;0.000000000000
2275;0.000000000000
2276;0.000000000000
2277;0.000000000000
2278;0.000000000000
2279;0.000000000000
2280;0.000000000000
2281;0.000000000000
2282;0.000000000000
2283;0.000000000000
2284;0.000000000000
2285;0.070400000000
2286;0.368080000000
2287;1.268960000000
2288;1.186800000000
2289;2.155120000000
2290;5.038720000000
2291;5.271360000000
2292;5.059200000000
2293;3.617520000000
2294;3.678560000000
2295;2.108800000000
2296;0.872720000000
2297;0.091920000000
2298;0.000000000000
2299;0.000000000000
2300;0.000000000000
2301;0.000000000000
2302;0.000000000000
2303;0.000000000000
2304;0.000000000000
2305;0.000000000000
2306;0.000000000000
2307;0.000000000000
2308;0.000000000000
2309;0.027680000000
2310;0.499760000000
2311;1.408880000000
2312;2.088000000000
2313;2.367840000000
2314;1.683920000000
2315;1.722960000000
2316;2.014800000000
2317;1.976480000000
2318;1.732720000000
2319;1.770960000000
2320;0.656080000000
2321;0.096000000000
2322;0.000000000000
2323;0.000000000000
2324;0.000000000000
2325;0.000000000000
2326;0.000000000000
2327;0.000000000000
2328;0.000000000000
2329;0.000000000000
2330;0.000000000000
2331;0.000000000000
2332;0.000000000000
2333;0.027440000000
2334;0.534400000000
2335;1.539200000000
2336;2.590080000000
2337;0.722960000000
2338;2.059440000000
2339;0.463360000000
2340;0.595840000000
2341;0.753920000000
2342;0.289200000000
2343;2.081200000000
2344;1.061120000000
2345;0.067520000000
2346;0.000000000000
2347;0.000000000000
2348;0.000000000000
2349;0.000000000000
2350;0.000000000000
2351;0.000000000000
2352;0.000000000000
2353;0.000000000000
2354;0.000000000000
2355;0.000000000000
2356;0.000000000000
2357;0.033440000000
2358;0.352160000000
2359;0.491520000000
2360;1.534320000000
2361;1.224560000000
2362;0.547360000000
2363;1.443760000000
2364;1.767200000000
2365;0.366320000000
2366;0.565920000000
2367;1.587760000000
2368;0.738880000000
2369;0.115280000000
2370;0.000000000000
2371;0.000000000000
2372;0.000000000000
2373;0.000000000000
2374;0.000000000000
2375;0.000000000000
2376;0.000000000000
2377;0.000000000000
2378;0.000000000000
2379;0.000000000000
2380;0.000000000000
2381;0.210960000000
2382;0.340880000000
2383;0.899440000000
2384;0.817280000000
2385;1.135600000000
2386;0.622960000000
2387;0.805760000000
2388;0.817040000000
2389;1.097360000000
2390;0.541600000000
2391;2.806640000000
2392;1.027440000000
2393;0.141840000000
2394;0.000000000000
2395;0.000000000000
2396;0.000000000000
2397;0.000000000000
2398;0.000000000000
2399;0.000000000000
2400;0.000000000000
2401;0.000000000000
2402;0.000000000000
2403;0.000000000000
2404;0.000000000000
2405;0.282720000000
2406;0.809680000000
2407;1.469200000000
2408;3.799280000000
2409;5.100080000000
2410;3.800400000000
2411;1.392240000000
2412;0.761760000000
2413;0.615600000000
2414;0.652160000000
2415;0.483520000000
2416;0.364240000000
2417;0.109200000000
2418;0.000000000000
2419;0.000000000000
2420;0.000000000000
2421;0.000000000000
2422;0.000000000000
2423;0.000000000000
2424;0.000000000000
2425;0.000000000000
2426;0.000000000000
2427;0.000000000000
2428;0.000000000000
2429;0.324000000000
2430;0.437200000000
2431;0.808480000000
2432;1.042480000000
2433;1.155200000000
2434;1.296560000000
2435;2.384800000000
2436;2.397600000000
2437;4.398160000000
2438;2.786560000000
2439;2.300320000000
2440;0.938880000000
2441;0.160320000000
2442;0.000000000000
2443;0.000000000000
2444;0.000000000000
2445;0.000000000000
2446;0.000000000000
2447;0.000000000000
2448;0.000000000000
2449;0.000000000000
2450;0.000000000000
2451;0.000000000000
2452;0.000000000000
2453;0.296720000000
2454;1.533280000000
2455;2.609280000000
2456;3.343760000000
2457;4.028080000000
2458;0.550320000000
2459;0.860000000000
2460;5.682800000000
2461;1.442800000000
2462;1.539520000000
2463;1.523920000000
2464;0.910480000000
2465;0.166560000000
2466;0.000000000000
2467;0.000000000000
2468;0.000000000000
2469;0.000000000000
2470;0.000000000000
2471;0.000000000000
2472;0.000000000000
2473;0.000000000000
2474;0.000000000000
2475;0.000000000000
2476;0.000000000000
2477;0.342240000000
2478;0.286240000000
2479;0.456320000000
2480;0.634640000000
2481;1.487200000000
2482;0.745680000000
2483;3.285360000000
2484;4.108000000000
2485;0.844480000000
2486;0.563280000000
2487;0.266160000000
2488;0.399920000000
2489;0.164000000000
2490;0.000000000000
2491;0.000000000000
2492;0.000000000000
2493;0.000000000000
2494;0.000000000000
2495;0.000000000000
2496;0.000000000000
2497;0.000000000000
2498;0.000000000000
2499;0.000000000000
2500;0.000000000000
2501;0.368240000000
2502;1.624800000000
2503;2.949200000000
2504;4.283040000000
2505;3.862240000000
2506;5.346320000000
2507;6.308000000000
2508;6.122160000000
2509;4.704000000000
2510;3.508400000000
2511;2.432080000000
2512;0.457680000000
2513;0.174080000000
2514;0.000000000000
2515;0.000000000000
2516;0.000000000000
2517;0.000000000000
2518;0.000000000000
2519;0.000000000000
2520;0.000000000000
2521;0.000000000000
2522;0.000000000000
2523;0.000000000000
2524;0.000000000000
2525;0.377920000000
2526;1.882400000000
2527;3.578640000000
2528;5.021520000000
2529;5.896320000000
2530;3.322720000000
2531;0.557040000000
2532;2.381840000000
2533;0.798720000000
2534;3.497360000000
2535;2.479040000000
2536;0.844320000000
2537;0.204560000000
2538;0.000000000000
2539;0.000000000000
2540;0.000000000000
2541;0.000000000000
2542;0.000000000000
2543;0.000000000000
2544;0.000000000000
2545;0.000000000000
2546;0.000000000000
2547;0.000000000000
2548;0.000000000000
2549;0.397680000000
2550;1.674640000000
2551;3.346720000000
2552;4.549680000000
2553;5.431360000000
2554;4.861840000000
2555;6.213360000000
2556;4.307280000000
2557;4.186400000000
2558;2.951920000000
2559;2.015520000000
2560;1.025840000000
2561;0.209680000000
2562;0.000000000000
2563;0.000000000000
2564;0.000000000000
2565;0.000000000000
2566;0.000000000000
2567;0.000000000000
2568;0.000000000000
2569;0.000000000000
2570;0.000000000000
2571;0.000000000000
2572;0.000000000000
2573;0.161280000000
2574;0.303280000000
2575;1.300160000000
2576;2.044000000000
2577;1.086000000000
2578;1.855920000000
2579;1.435440000000
2580;0.648720000000
2581;1.065520000000
2582;1.752400000000
2583;2.115760000000
2584;1.058880000000
2585;0.221200000000
2586;0.000000000000
2587;0.000000000000
2588;0.000000000000
2589;0.000000000000
2590;0.000000000000
2591;0.000000000000
2592;0.000000000000
2593;0.000000000000
2594;0.000000000000
2595;0.000000000000
2596;0.008880000000
2597;0.453440000000
2598;1.659440000000
2599;3.270000000000
2600;4.604400000000
2601;5.585920000000
2602;6.116080000000
2603;6.579920000000
2604;6.107040000000
2605;5.195280000000
2606;4.170960000000
2607;2.821120000000
2608;1.211360000000
2609;0.220400000000
2610;0.000000000000
2611;0.000000000000
2612;0.000000000000
2613;0.000000000000
2614;0.000000000000
2615;0.000000000000
2616;0.000000000000
2617;0.000000000000
2618;0.000000000000
2619;0.000000000000
2620;0.025280000000
2621;0.451200000000
2622;0.867680000000
2623;0.544800000000
2624;1.280160000000
2625;4.386400000000
2626;5.234720000000
2627;3.554960000000
2628;4.470480000000
2629;2.526640000000
2630;1.692400000000
2631;1.897520000000
2632;0.598640000000
2633;0.213200000000
2634;0.000000000000
2635;0.000000000000
2636;0.000000000000
2637;0.000000000000
2638;0.000000000000
2639;0.000000000000
2640;0.000000000000
2641;0.000000000000
2642;0.000000000000
2643;0.000000000000
2644;0.008400000000
2645;0.473440000000
2646;0.908880000000
2647;1.468880000000
2648;1.918080000000
2649;4.580160000000
2650;4.216720000000
2651;5.024800000000
2652;5.261280000000
2653;3.523760000000
2654;4.237840000000
2655;2.752560000000
2656;1.229360000000
2657;0.202640000000
2658;0.000000000000
2659;0.000000000000
2660;0.000000000000
2661;0.000000000000
2662;0.000000000000
2663;0.000000000000
2664;0.000000000000
2665;0.000000000000
2666;0.000000000000
2667;0.000000000000
2668;0.053600000000
2669;0.467920000000
2670;1.778800000000
2671;3.388560000000
2672;4.751440000000
2673;5.606720000000
2674;6.081520000000
2675;6.168720000000
2676;4.844560000000
2677;2.687040000000
2678;2.188160000000
2679;1.347440000000
2680;0.260720000000
2681;0.255760000000
2682;0.000000000000
2683;0.000000000000
2684;0.000000000000
2685;0.000000000000
2686;0.000000000000
2687;0.000000000000
2688;0.000000000000
2689;0.000000000000
2690;0.000000000000
2691;0.000000000000
2692;0.039120000000
2693;0.175440000000
2694;0.692880000000
2695;0.774800000000
2696;1.248800000000
2697;1.411520000000
2698;1.484880000000
2699;1.668960000000
2700;1.774880000000
2701;0.827520000000
2702;0.372640000000
2703;0.177040000000
2704;0.649360000000
2705;0.067760000000
2706;0.000000000000
2707;0.000000000000
2708;0.000000000000
2709;0.000000000000
2710;0.000000000000
2711;0.000000000000
2712;0.000000000000
2713;0.000000000000
2714;0.000000000000
2715;0.000000000000
2716;0.004800000000
2717;0.513440000000
2718;0.586480000000
2719;0.771680000000
2720;2.218560000000
2721;1.244800000000
2722;0.417440000000
2723;1.855760000000
2724;1.848480000000
2725;2.007120000000
2726;2.655200000000
2727;1.464880000000
2728;0.928480000000
2729;0.220240000000
2730;0.000000000000
2731;0.000000000000
2732;0.000000000000
2733;0.000000000000
2734;0.000000000000
2735;0.000000000000
2736;0.000000000000
2737;0.000000000000
2738;0.000000000000
2739;0.000000000000
2740;0.058560000000
2741;0.534880000000
2742;1.897920000000
2743;3.475280000000
2744;4.554320000000
2745;5.717200000000
2746;6.211440000000
2747;6.570640000000
2748;6.167760000000
2749;5.501920000000
2750;4.300560000000
2751;2.787600000000
2752;1.146720000000
2753;0.212000000000
2754;0.000000000000
2755;0.000000000000
2756;0.000000000000
2757;0.000000000000
2758;0.000000000000
2759;0.000000000000
2760;0.000000000000
2761;0.000000000000
2762;0.000000000000
2763;0.000000000000
2764;0.093360000000
2765;0.424000000000
2766;0.932400000000
2767;3.163680000000
2768;4.700160000000
2769;5.024880000000
2770;3.733120000000
2771;5.111680000000
2772;3.247680000000
2773;2.465840000000
2774;0.838560000000
2775;2.848240000000
2776;1.080560000000
2777;0.182800000000
2778;0.000000000000
2779;0.000000000000
2780;0.000000000000
2781;0.000000000000
2782;0.000000000000
2783;0.000000000000
2784;0.000000000000
2785;0.000000000000
2786;0.000000000000
2787;0.000000000000
2788;0.094160000000
2789;0.534480000000
2790;2.006800000000
2791;3.558240000000
2792;4.750880000000
2793;4.587520000000
2794;1.670080000000
2795;1.144560000000
2796;0.977840000000
2797;1.379840000000
2798;1.876240000000
2799;1.630480000000
2800;1.002240000000
2801;0.297520000000
2802;0.000000000000
2803;0.000000000000
2804;0.000000000000
2805;0.000000000000
2806;0.000000000000
2807;0.000000000000
2808;0.000000000000
2809;0.000000000000
2810;0.000000000000
2811;0.000000000000
2812;0.115200000000
2813;0.542560000000
2814;2.067360000000
2815;3.666880000000
2816;5.034880000000
2817;5.856240000000
2818;6.425040000000
2819;6.774160000000
2820;6.394320000000
2821;5.618880000000
2822;4.452560000000
2823;3.045440000000
2824;1.360000000000
2825;0.210000000000
2826;0.000000000000
2827;0.000000000000
2828;0.000000000000
2829;0.000000000000
2830;0.000000000000
2831;0.000000000000
2832;0.000000000000
2833;0.000000000000
2834;0.000000000000
2835;0.000000000000
2836;0.126320000000
2837;0.563120000000
2838;2.044080000000
2839;3.615520000000
2840;4.928320000000
2841;5.697120000000
2842;5.440400000000
2843;4.038720000000
2844;3.923680000000
2845;3.147680000000
2846;1.599600000000
2847;2.791200000000
2848;1.304640000000
2849;0.220800000000
2850;0.000000000000
2851;0.000000000000
2852;0.000000000000
2853;0.000000000000
2854;0.000000000000
2855;0.000000000000
2856;0.000000000000
2857;0.000000000000
2858;0.000000000000
2859;0.000000000000
2860;0.138160000000
2861;0.587120000000
2862;2.059840000000
2863;3.576240000000
2864;4.896160000000
2865;5.593280000000
2866;5.725920000000
2867;6.144800000000
2868;5.863040000000
2869;4.985920000000
2870;3.697120000000
2871;2.830400000000
2872;1.238160000000
2873;0.337440000000
2874;0.000000000000
2875;0.000000000000
2876;0.000000000000
2877;0.000000000000
2878;0.000000000000
2879;0.000000000000
2880;0.000000000000
2881;0.000000000000
2882;0.000000000000
2883;0.000000000000
2884;0.142240000000
2885;0.081040000000
2886;0.790960000000
2887;3.418240000000
2888;3.610640000000
2889;4.786240000000
2890;2.458080000000
2891;1.328320000000
2892;2.806720000000
2893;3.955680000000
2894;1.764800000000
2895;1.832480000000
2896;0.591040000000
2897;0.289440000000
2898;0.016560000000
2899;0.000000000000
2900;0.000000000000
2901;0.000000000000
2902;0.000000000000
2903;0.000000000000
2904;0.000000000000
2905;0.000000000000
2906;0.000000000000
2907;0.000000000000
2908;0.161040000000
2909;0.630720000000
2910;2.132800000000
2911;3.753600000000
2912;5.000720000000
2913;4.277120000000
2914;3.697440000000
2915;5.055760000000
2916;3.919360000000
2917;2.507040000000
2918;1.207360000000
2919;0.638480000000
2920;0.869760000000
2921;0.230160000000
2922;0.020800000000
2923;0.000000000000
2924;0.000000000000
2925;0.000000000000
2926;0.000000000000
2927;0.000000000000
2928;0.000000000000
2929;0.000000000000
2930;0.000000000000
2931;0.000000000000
2932;0.172320000000
2933;0.652880000000
2934;2.119680000000
2935;3.727840000000
2936;4.949280000000
2937;6.122640000000
2938;6.274080000000
2939;6.349600000000
2940;6.252160000000
2941;5.719520000000
2942;4.499600000000
2943;2.937760000000
2944;1.353920000000
2945;0.381440000000
2946;0.029120000000
2947;0.000000000000
2948;0.000000000000
2949;0.000000000000
2950;0.000000000000
2951;0.000000000000
2952;0.000000000000
2953;0.000000000000
2954;0.000000000000
2955;0.000000000000
2956;0.166240000000
2957;0.405840000000
2958;1.283200000000
2959;3.311280000000
2960;3.468240000000
2961;4.186640000000
2962;5.643680000000
2963;3.815920000000
2964;4.105920000000
2965;1.755360000000
2966;3.223200000000
2967;1.602400000000
2968;1.308880000000
2969;0.370320000000
2970;0.028640000000
2971;0.000000000000
2972;0.000000000000
2973;0.000000000000
2974;0.000000000000
2975;0.000000000000
2976;0.000000000000
2977;0.000000000000
2978;0.000000000000
2979;0.000000000000
2980;0.020480000000
2981;0.505600000000
2982;0.270880000000
2983;0.847680000000
2984;2.116080000000
2985;1.438400000000
2986;0.962080000000
2987;2.695360000000
2988;0.956480000000
2989;0.747840000000
2990;0.619600000000
2991;0.404320000000
2992;1.221280000000
2993;0.331440000000
2994;0.028240000000
2995;0.000000000000
2996;0.000000000000
2997;0.000000000000
2998;0.000000000000
2999;0.000000000000
3000;0.000000000000
3001;0.000000000000
3002;0.000000000000
3003;0.000000000000
3004;0.171520000000
3005;0.637120000000
3006;2.081120000000
3007;1.645200000000
3008;2.810720000000
3009;4.777360000000
3010;6.215360000000
3011;4.103120000000
3012;4.409360000000
3013;5.343840000000
3014;4.011600000000
3015;1.079760000000
3016;0.833280000000
3017;0.334400000000
3018;0.047120000000
3019;0.000000000000
3020;0.000000000000
3021;0.000000000000
3022;0.000000000000
3023;0.000000000000
3024;0.000000000000
3025;0.000000000000
3026;0.000000000000
3027;0.000000000000
3028;0.205600000000
3029;0.650000000000
3030;2.205200000000
3031;3.810080000000
3032;5.100480000000
3033;5.466960000000
3034;3.557040000000
3035;5.239760000000
3036;1.265920000000
3037;2.794640000000
3038;3.508960000000
3039;2.205520000000
3040;0.283360000000
3041;0.306320000000
3042;0.063040000000
3043;0.000000000000
3044;0.000000000000
3045;0.000000000000
3046;0.000000000000
3047;0.000000000000
3048;0.000000000000
3049;0.000000000000
3050;0.000000000000
3051;0.000000000000
3052;0.049600000000
3053;0.194800000000
3054;1.550480000000
3055;2.367440000000
3056;3.791760000000
3057;3.842800000000
3058;3.190880000000
3059;1.743840000000
3060;1.770720000000
3061;3.738640000000
3062;0.575760000000
3063;1.601040000000
3064;0.877120000000
3065;0.422080000000
3066;0.066960000000
3067;0.000000000000
3068;0.000000000000
3069;0.000000000000
3070;0.000000000000
3071;0.000000000000
3072;0.000000000000
3073;0.000000000000
3074;0.000000000000
3075;0.000000000000
3076;0.025360000000
3077;0.129840000000
3078;0.416960000000
3079;0.996480000000
3080;1.164800000000
3081;2.509520000000
3082;5.773680000000
3083;3.782240000000
3084;4.891440000000
3085;2.681920000000
3086;0.416640000000
3087;0.849680000000
3088;0.445840000000
3089;0.367360000000
3090;0.047440000000
3091;0.000000000000
3092;0.000000000000
3093;0.000000000000
3094;0.000000000000
3095;0.000000000000
3096;0.000000000000
3097;0.000000000000
3098;0.000000000000
3099;0.000000000000
3100;0.083440000000
3101;0.158560000000
3102;0.347120000000
3103;0.974880000000
3104;0.742960000000
3105;0.835920000000
3106;0.614800000000
3107;0.681120000000
3108;0.637200000000
3109;0.691920000000
3110;0.490880000000
3111;0.823920000000
3112;0.729760000000
3113;0.364800000000
3114;0.082720000000
3115;0.000000000000
3116;0.000000000000
3117;0.000000000000
3118;0.000000000000
3119;0.000000000000
3120;0.000000000000
3121;0.000000000000
3122;0.000000000000
3123;0.000000000000
3124;0.242000000000
3125;0.779440000000
3126;1.997440000000
3127;3.460320000000
3128;3.900880000000
3129;5.790240000000
3130;6.214160000000
3131;5.923600000000
3132;5.451040000000
3133;3.846880000000
3134;2.852240000000
3135;2.383840000000
3136;1.381440000000
3137;0.454800000000
3138;0.086400000000
3139;0.000000000000
3140;0.000000000000
3141;0.000000000000
3142;0.000000000000
3143;0.000000000000
3144;0.000000000000
3145;0.000000000000
3146;0.000000000000
3147;0.000000000000
3148;0.188000000000
3149;0.680240000000
3150;1.973200000000
3151;3.447280000000
3152;3.184640000000
3153;3.533680000000
3154;5.065360000000
3155;3.450480000000
3156;4.455040000000
3157;3.461680000000
3158;2.921440000000
3159;1.305200000000
3160;0.217360000000
3161;0.118560000000
3162;0.015680000000
3163;0.000000000000
3164;0.000000000000
3165;0.000000000000
3166;0.000000000000
3167;0.000000000000
3168;0.000000000000
3169;0.000000000000
3170;0.000000000000
3171;0.000000000000
3172;0.256160000000
3173;0.709840000000
3174;2.301200000000
3175;3.875280000000
3176;3.989520000000
3177;5.147280000000
3178;0.613040000000
3179;1.005040000000
3180;4.754480000000
3181;2.649360000000
3182;3.897280000000
3183;2.351120000000
3184;1.324000000000
3185;0.380720000000
3186;0.097280000000
3187;0.000000000000
3188;0.000000000000
3189;0.000000000000
3190;0.000000000000
3191;0.000000000000
3192;0.000000000000
3193;0.000000000000
3194;0.000000000000
3195;0.000000000000
3196;0.039680000000
3197;0.247840000000
3198;1.738160000000
3199;2.364080000000
3200;1.186480000000
3201;1.654800000000
3202;0.585440000000
3203;0.626560000000
3204;1.255040000000
3205;1.757120000000
3206;1.779040000000
3207;0.563600000000
3208;0.886320000000
3209;0.464640000000
3210;0.108000000000
3211;0.000000000000
3212;0.000000000000
3213;0.000000000000
3214;0.000000000000
3215;0.000000000000
3216;0.000000000000
3217;0.000000000000
3218;0.000000000000
3219;0.000000000000
3220;0.283680000000
3221;0.739840000000
3222;2.269840000000
3223;3.257040000000
3224;2.819200000000
3225;3.241840000000
3226;1.688720000000
3227;1.855040000000
3228;3.250320000000
3229;2.717680000000
3230;3.860080000000
3231;2.733920000000
3232;1.442080000000
3233;0.298320000000
3234;0.113120000000
3235;0.000000000000
3236;0.000000000000
3237;0.000000000000
3238;0.000000000000
3239;0.000000000000
3240;0.000000000000
3241;0.000000000000
3242;0.000000000000
3243;0.000000000000
3244;0.280800000000
3245;0.758960000000
3246;2.176560000000
3247;3.077600000000
3248;2.587760000000
3249;3.316560000000
3250;3.056480000000
3251;3.332000000000
3252;1.594640000000
3253;2.345920000000
3254;0.645600000000
3255;0.362560000000
3256;0.708560000000
3257;0.285760000000
3258;0.062960000000
3259;0.000000000000
3260;0.000000000000
3261;0.000000000000
3262;0.000000000000
3263;0.000000000000
3264;0.000000000000
3265;0.000000000000
3266;0.000000000000
3267;0.000000000000
3268;0.306800000000
3269;0.817680000000
3270;1.688720000000
3271;2.191120000000
3272;2.973440000000
3273;5.006400000000
3274;2.552480000000
3275;1.945520000000
3276;2.864080000000
3277;4.033840000000
3278;3.054880000000
3279;1.770320000000
3280;0.964320000000
3281;0.297360000000
3282;0.119120000000
3283;0.000000000000
3284;0.000000000000
3285;0.000000000000
3286;0.000000000000
3287;0.000000000000
3288;0.000000000000
3289;0.000000000000
3290;0.000000000000
3291;0.000000000000
3292;0.035040000000
3293;0.295600000000
3294;0.517520000000
3295;1.791840000000
3296;3.150320000000
3297;5.056480000000
3298;5.857360000000
3299;3.876240000000
3300;3.338800000000
3301;2.779280000000
3302;1.536320000000
3303;0.998560000000
3304;1.296960000000
3305;0.517920000000
3306;0.143920000000
3307;0.000000000000
3308;0.000000000000
3309;0.000000000000
3310;0.000000000000
3311;0.000000000000
3312;0.000000000000
3313;0.000000000000
3314;0.000000000000
3315;0.000000000000
3316;0.092960000000
3317;0.174400000000
3318;0.822080000000
3319;2.157360000000
3320;3.868320000000
3321;2.953600000000
3322;2.978800000000
3323;0.900240000000
3324;1.701120000000
3325;3.184720000000
3326;2.967200000000
3327;2.305440000000
3328;1.369200000000
3329;0.333840000000
3330;0.056960000000
3331;0.000000000000
3332;0.000000000000
3333;0.000000000000
3334;0.000000000000
3335;0.000000000000
3336;0.000000000000
3337;0.000000000000
3338;0.000000000000
3339;0.000000000000
3340;0.039280000000
3341;0.281120000000
3342;1.187040000000
3343;1.914480000000
3344;1.988320000000
3345;1.390240000000
3346;2.867920000000
3347;1.272960000000
3348;1.650160000000
3349;1.697440000000
3350;2.976480000000
3351;1.009600000000
3352;1.060080000000
3353;0.488720000000
3354;0.029120000000
3355;0.000000000000
3356;0.000000000000
3357;0.000000000000
3358;0.000000000000
3359;0.000000000000
3360;0.000000000000
3361;0.000000000000
3362;0.000000000000
3363;0.001680000000
3364;0.278160000000
3365;0.824400000000
3366;1.899200000000
3367;3.613600000000
3368;4.269600000000
3369;4.890320000000
3370;3.863440000000
3371;3.263280000000
3372;3.160800000000
3373;2.507840000000
3374;2.792800000000
3375;2.515440000000
3376;1.118320000000
3377;0.357920000000
3378;0.148560000000
3379;0.000000000000
3380;0.000000000000
3381;0.000000000000
3382;0.000000000000
3383;0.000000000000
3384;0.000000000000
3385;0.000000000000
3386;0.000000000000
3387;0.001680000000
3388;0.324640000000
3389;0.765040000000
3390;2.265760000000
3391;3.739120000000
3392;4.872480000000
3393;3.811200000000
3394;2.923040000000
3395;4.349360000000
3396;3.732320000000
3397;3.438800000000
3398;2.404960000000
3399;1.120240000000
3400;1.014480000000
3401;0.517920000000
3402;0.163440000000
3403;0.000000000000
3404;0.000000000000
3405;0.000000000000
3406;0.000000000000
3407;0.000000000000
3408;0.000000000000
3409;0.000000000000
3410;0.000000000000
3411;0.001600000000
3412;0.043760000000
3413;0.267360000000
3414;0.962640000000
3415;1.720800000000
3416;2.368960000000
3417;3.220640000000
3418;5.550080000000
3419;0.642000000000
3420;0.648640000000
3421;0.777360000000
3422;0.913840000000
3423;0.752480000000
3424;0.789360000000
3425;0.552960000000
3426;0.160640000000
3427;0.000000000000
3428;0.000000000000
3429;0.000000000000
3430;0.000000000000
3431;0.000000000000
3432;0.000000000000
3433;0.000000000000
3434;0.000000000000
3435;0.001760000000
3436;0.116800000000
3437;0.823440000000
3438;2.306320000000
3439;2.478960000000
3440;3.613600000000
3441;5.596800000000
3442;6.510800000000
3443;6.458960000000
3444;6.070400000000
3445;5.254080000000
3446;4.249360000000
3447;3.106080000000
3448;1.567120000000
3449;0.317280000000
3450;0.157760000000
3451;0.000000000000
3452;0.000000000000
3453;0.000000000000
3454;0.000000000000
3455;0.000000000000
3456;0.000000000000
3457;0.000000000000
3458;0.000000000000
3459;0.001600000000
3460;0.053600000000
3461;0.857280000000
3462;1.420400000000
3463;0.603040000000
3464;0.988960000000
3465;1.081920000000
3466;1.682960000000
3467;6.325360000000
3468;5.943680000000
3469;3.316000000000
3470;0.713680000000
3471;0.700800000000
3472;1.494800000000
3473;0.435840000000
3474;0.178880000000
3475;0.000000000000
3476;0.000000000000
3477;0.000000000000
3478;0.000000000000
3479;0.000000000000
3480;0.000000000000
3481;0.000000000000
3482;0.000000000000
3483;0.001600000000
3484;0.151200000000
3485;0.835920000000
3486;2.161200000000
3487;3.511600000000
3488;3.790320000000
3489;0.731920000000
3490;0.959760000000
3491;0.591840000000
3492;3.629120000000
3493;2.693200000000
3494;3.061920000000
3495;2.141360000000
3496;0.431120000000
3497;0.354320000000
3498;0.117920000000
3499;0.000000000000
3500;0.000000000000
3501;0.000000000000
3502;0.000000000000
3503;0.000000000000
3504;0.000000000000
3505;0.000000000000
3506;0.000000000000
3507;0.001600000000
3508;0.044240000000
3509;0.294320000000
3510;1.993360000000
3511;1.972080000000
3512;1.299120000000
3513;0.676160000000
3514;0.869040000000
3515;1.551120000000
3516;0.498000000000
3517;1.480240000000
3518;0.684880000000
3519;0.606720000000
3520;0.613200000000
3521;0.278480000000
3522;0.128560000000
3523;0.000000000000
3524;0.000000000000
3525;0.000000000000
3526;0.000000000000
3527;0.000000000000
3528;0.000000000000
3529;0.000000000000
3530;0.000000000000
3531;0.008720000000
3532;0.300960000000
3533;0.878320000000
3534;1.597520000000
3535;3.099360000000
3536;4.263600000000
3537;4.745600000000
3538;2.857280000000
3539;1.383760000000
3540;0.962160000000
3541;4.359200000000
3542;2.322880000000
3543;0.568560000000
3544;0.540400000000
3545;0.453440000000
3546;0.206480000000
3547;0.000000000000
3548;0.000000000000
3549;0.000000000000
3550;0.000000000000
3551;0.000000000000
3552;0.000000000000
3553;0.000000000000
3554;0.000000000000
3555;0.025760000000
3556;0.373120000000
3557;0.561680000000
3558;1.522960000000
3559;1.664080000000
3560;3.545360000000
3561;5.872240000000
3562;4.352640000000
3563;4.499360000000
3564;3.721040000000
3565;3.816000000000
3566;2.826000000000
3567;2.217520000000
3568;1.445280000000
3569;0.600480000000
3570;0.216320000000
3571;0.000000000000
3572;0.000000000000
3573;0.000000000000
3574;0.000000000000
3575;0.000000000000
3576;0.000000000000
3577;0.000000000000
3578;0.000000000000
3579;0.004640000000
3580;0.048080000000
3581;0.783680000000
3582;0.197360000000
3583;1.018160000000
3584;2.037840000000
3585;1.111280000000
3586;2.655920000000
3587;5.408000000000
3588;4.575520000000
3589;5.489440000000
3590;0.311040000000
3591;0.963760000000
3592;1.523200000000
3593;0.610880000000
3594;0.214400000000
3595;0.000000000000
3596;0.000000000000
3597;0.000000000000
3598;0.000000000000
3599;0.000000000000
3600;0.000000000000
3601;0.000000000000
3602;0.000000000000
3603;0.012720000000
3604;0.368000000000
3605;0.911920000000
3606;2.232160000000
3607;3.672480000000
3608;2.933760000000
3609;4.234480000000
3610;3.807200000000
3611;3.474640000000
3612;5.058480000000
3613;5.038720000000
3614;4.512320000000
3615;2.041040000000
3616;1.380560000000
3617;0.348720000000
3618;0.188400000000
3619;0.000000000000
3620;0.000000000000
3621;0.000000000000
3622;0.000000000000
3623;0.000000000000
3624;0.000000000000
3625;0.000000000000
3626;0.000000000000
3627;0.004800000000
3628;0.048720000000
3629;0.204640000000
3630;1.051600000000
3631;2.587840000000
3632;3.823280000000
3633;4.647680000000
3634;5.572000000000
3635;5.614080000000
3636;5.813200000000
3637;5.323520000000
3638;4.374240000000
3639;3.182080000000
3640;1.614800000000
3641;0.361920000000
3642;0.204880000000
3643;0.000000000000
3644;0.000000000000
3645;0.000000000000
3646;0.000000000000
3647;0.000000000000
3648;0.000000000000
3649;0.000000000000
3650;0.000000000000
3651;0.048800000000
3652;0.309040000000
3653;0.775040000000
3654;2.270000000000
3655;3.639760000000
3656;4.988320000000
3657;5.850960000000
3658;5.806880000000
3659;6.256800000000
3660;6.020800000000
3661;5.520960000000
3662;4.504800000000
3663;3.174880000000
3664;1.605520000000
3665;0.364960000000
3666;0.199360000000
3667;0.000000000000
3668;0.000000000000
3669;0.000000000000
3670;0.000000000000
3671;0.000000000000
3672;0.000000000000
3673;0.000000000000
3674;0.000000000000
3675;0.016480000000
3676;0.308320000000
3677;0.788240000000
3678;2.196160000000
3679;3.730480000000
3680;3.874800000000
3681;4.294320000000
3682;5.552000000000
3683;5.268480000000
3684;4.634800000000
3685;2.220080000000
3686;0.684080000000
3687;1.953120000000
3688;1.140720000000
3689;0.476080000000
3690;0.037440000000
3691;0.000000000000
3692;0.000000000000
3693;0.000000000000
3694;0.000000000000
3695;0.000000000000
3696;0.000000000000
3697;0.000000000000
3698;0.000000000000
3699;0.004640000000
3700;0.072240000000
3701;0.437760000000
3702;0.353520000000
3703;0.712720000000
3704;0.812080000000
3705;1.196960000000
3706;1.178640000000
3707;1.226320000000
3708;0.586880000000
3709;1.222800000000
3710;0.577360000000
3711;0.346000000000
3712;0.771920000000
3713;0.410480000000
3714;0.081280000000
3715;0.000000000000
3716;0.000000000000
3717;0.000000000000
3718;0.000000000000
3719;0.000000000000
3720;0.000000000000
3721;0.000000000000
3722;0.000000000000
3723;0.025200000000
3724;0.384880000000
3725;0.916160000000
3726;2.102720000000
3727;2.975680000000
3728;4.827760000000
3729;5.488480000000
3730;4.487760000000
3731;4.567520000000
3732;4.173440000000
3733;3.909360000000
3734;3.368400000000
3735;2.598480000000
3736;1.494880000000
3737;0.237120000000
3738;0.051280000000
3739;0.000000000000
3740;0.000000000000
3741;0.000000000000
3742;0.000000000000
3743;0.000000000000
3744;0.000000000000
3745;0.000000000000
3746;0.000000000000
3747;0.004560000000
3748;0.057040000000
3749;0.388240000000
3750;1.609440000000
3751;2.264640000000
3752;3.611440000000
3753;4.938080000000
3754;5.031200000000
3755;4.215520000000
3756;5.326080000000
3757;4.006080000000
3758;4.133440000000
3759;0.720160000000
3760;0.281200000000
3761;0.091840000000
3762;0.037120000000
3763;0.000000000000
3764;0.000000000000
3765;0.000000000000
3766;0.000000000000
3767;0.000000000000
3768;0.000000000000
3769;0.000000000000
3770;0.000000000000
3771;0.008160000000
3772;0.218800000000
3773;0.841760000000
3774;2.161360000000
3775;2.823200000000
3776;3.152320000000
3777;2.926960000000
3778;2.548400000000
3779;3.306480000000
3780;1.626560000000
3781;5.520320000000
3782;2.291600000000
3783;1.795040000000
3784;0.581440000000
3785;0.375680000000
3786;0.232240000000
3787;0.000000000000
3788;0.000000000000
3789;0.000000000000
3790;0.000000000000
3791;0.000000000000
3792;0.000000000000
3793;0.000000000000
3794;0.000000000000
3795;0.008320000000
3796;0.134000000000
3797;0.810960000000
3798;1.919280000000
3799;3.699760000000
3800;4.527280000000
3801;4.703280000000
3802;4.008720000000
3803;1.338720000000
3804;2.139120000000
3805;2.752240000000
3806;2.878560000000
3807;1.523360000000
3808;0.580080000000
3809;0.656000000000
3810;0.167840000000
3811;0.000000000000
3812;0.000000000000
3813;0.000000000000
3814;0.000000000000
3815;0.000000000000
3816;0.000000000000
3817;0.000000000000
3818;0.000000000000
3819;0.066800000000
3820;0.391520000000
3821;0.783600000000
3822;2.149520000000
3823;3.444960000000
3824;4.617760000000
3825;5.434240000000
3826;6.100400000000
3827;6.289280000000
3828;5.916720000000
3829;5.359840000000
3830;3.509600000000
3831;2.289600000000
3832;1.346400000000
3833;0.312240000000
3834;0.118000000000
3835;0.000000000000
3836;0.000000000000
3837;0.000000000000
3838;0.000000000000
3839;0.000000000000
3840;0.000000000000
3841;0.000000000000
3842;0.000000000000
3843;0.008160000000
3844;0.255680000000
3845;0.218960000000
3846;0.436080000000
3847;2.022080000000
3848;3.832320000000
3849;5.010160000000
3850;5.674880000000
3851;5.258400000000
3852;4.792960000000
3853;4.835680000000
3854;3.348000000000
3855;2.515440000000
3856;1.554240000000
3857;0.614480000000
3858;0.250800000000
3859;0.000000000000
3860;0.000000000000
3861;0.000000000000
3862;0.000000000000
3863;0.000000000000
3864;0.000000000000
3865;0.000000000000
3866;0.000000000000
3867;0.008240000000
3868;0.081920000000
3869;0.847920000000
3870;1.986640000000
3871;2.494480000000
3872;4.559120000000
3873;5.570400000000
3874;5.877280000000
3875;6.041600000000
3876;5.807840000000
3877;5.303120000000
3878;4.287760000000
3879;2.974320000000
3880;1.580720000000
3881;0.418560000000
3882;0.231200000000
3883;0.000000000000
3884;0.000000000000
3885;0.000000000000
3886;0.000000000000
3887;0.000000000000
3888;0.000000000000
3889;0.000000000000
3890;0.000000000000
3891;0.007840000000
3892;0.332560000000
3893;0.412800000000
3894;0.435360000000
3895;1.750400000000
3896;4.227600000000
3897;4.853840000000
3898;4.917600000000
3899;3.236160000000
3900;3.441280000000
3901;1.287760000000
3902;3.475360000000
3903;1.617440000000
3904;1.241520000000
3905;0.000000000000
3906;0.080720000000
3907;0.000000000000
3908;0.000000000000
3909;0.000000000000
3910;0.000000000000
3911;0.000000000000
3912;0.000000000000
3913;0.000000000000
3914;0.000000000000
3915;0.008160000000
3916;0.052560000000
3917;0.219360000000
3918;0.545280000000
3919;0.000000000000
3920;1.255360000000
3921;0.932880000000
3922;0.858800000000
3923;0.000000000000
3924;1.932880000000
3925;1.628640000000
3926;1.441040000000
3927;0.963120000000
3928;1.489840000000
3929;0.656080000000
3930;0.280240000000
3931;0.000000000000
3932;0.000000000000
3933;0.000000000000
3934;0.000000000000
3935;0.000000000000
3936;0.000000000000
3937;0.000000000000
3938;0.000000000000
3939;0.008240000000
3940;0.052800000000
3941;0.191120000000
3942;1.007600000000
3943;1.277840000000
3944;1.466960000000
3945;3.764160000000
3946;3.388480000000
3947;1.899600000000
3948;2.701040000000
3949;2.185280000000
3950;1.953760000000
3951;2.772960000000
3952;1.659840000000
3953;0.598000000000
3954;0.284560000000
3955;0.000000000000
3956;0.000000000000
3957;0.000000000000
3958;0.000000000000
3959;0.000000000000
3960;0.000000000000
3961;0.000000000000
3962;0.000000000000
3963;0.008400000000
3964;0.257760000000
3965;0.568480000000
3966;2.124000000000
3967;2.885280000000
3968;3.951120000000
3969;4.782560000000
3970;4.654400000000
3971;4.115440000000
3972;4.170320000000
3973;3.826640000000
3974;3.766320000000
3975;2.423760000000
3976;1.500320000000
3977;0.651920000000
3978;0.227200000000
3979;0.000000000000
3980;0.000000000000
3981;0.000000000000
3982;0.000000000000
3983;0.000000000000
3984;0.000000000000
3985;0.000000000000
3986;0.000000000000
3987;0.008080000000
3988;0.297520000000
3989;0.595840000000
3990;1.665600000000
3991;3.354720000000
3992;0.917760000000
3993;0.916560000000
3994;3.760320000000
3995;3.451920000000
3996;4.656000000000
3997;1.426880000000
3998;0.945680000000
3999;1.574080000000
4000;1.536720000000
4001;0.404960000000
4002;0.033600000000
4003;0.000000000000
4004;0.000000000000
4005;0.000000000000
4006;0.000000000000
4007;0.000000000000
4008;0.000000000000
4009;0.000000000000
4010;0.000000000000
4011;0.087520000000
4012;0.246400000000
4013;0.255520000000
4014;0.626480000000
4015;0.576720000000
4016;0.968560000000
4017;1.262800000000
4018;1.411120000000
4019;0.933120000000
4020;1.002880000000
4021;0.958800000000
4022;0.903120000000
4023;1.117680000000
4024;0.852800000000
4025;0.604960000000
4026;0.273280000000
4027;0.001360000000
4028;0.000000000000
4029;0.000000000000
4030;0.000000000000
4031;0.000000000000
4032;0.000000000000
4033;0.000000000000
4034;0.000000000000
4035;0.072560000000
4036;0.316880000000
4037;0.724800000000
4038;2.190880000000
4039;3.644400000000
4040;4.830480000000
4041;5.677600000000
4042;6.126560000000
4043;6.268080000000
4044;5.941840000000
4045;5.212160000000
4046;0.000000000000
4047;2.860080000000
4048;1.638080000000
4049;0.430080000000
4050;0.243040000000
4051;0.001280000000
4052;0.000000000000
4053;0.000000000000
4054;0.000000000000
4055;0.000000000000
4056;0.000000000000
4057;0.000000000000
4058;0.000000000000
4059;0.066720000000
4060;0.313680000000
4061;0.717200000000
4062;2.118160000000
4063;3.523040000000
4064;4.594960000000
4065;4.657680000000
4066;3.981520000000
4067;4.162960000000
4068;4.181600000000
4069;3.965440000000
4070;3.572320000000
4071;2.664480000000
4072;1.600960000000
4073;0.511680000000
4074;0.250400000000
4075;0.001200000000
4076;0.000000000000
4077;0.000000000000
4078;0.000000000000
4079;0.000000000000
4080;0.000000000000
4081;0.000000000000
4082;0.000000000000
4083;0.011680000000
4084;0.337280000000
4085;0.824880000000
4086;1.946480000000
4087;3.216800000000
4088;4.087520000000
4089;4.828400000000
4090;4.890240000000
4091;5.669600000000
4092;4.892800000000
4093;4.475440000000
4094;3.169120000000
4095;2.882160000000
4096;1.503200000000
4097;0.584880000000
4098;0.262480000000
4099;0.001440000000
4100;0.000000000000
4101;0.000000000000
4102;0.000000000000
4103;0.000000000000
4104;0.000000000000
4105;0.000000000000
4106;0.000000000000
4107;0.062720000000
4108;0.405280000000
4109;0.774720000000
4110;2.077680000000
4111;3.005520000000
4112;4.085520000000
4113;4.539120000000
4114;5.487760000000
4115;5.560240000000
4116;5.143200000000
4117;5.012720000000
4118;3.860880000000
4119;3.042480000000
4120;1.641200000000
4121;0.456080000000
4122;0.284320000000
4123;0.001440000000
4124;0.000000000000
4125;0.000000000000
4126;0.000000000000
4127;0.000000000000
4128;0.000000000000
4129;0.000000000000
4130;0.000000000000
4131;0.008160000000
4132;0.233920000000
4133;0.721360000000
4134;2.117920000000
4135;3.462640000000
4136;4.614000000000
4137;2.854960000000
4138;1.199280000000
4139;1.200320000000
4140;0.555440000000
4141;0.596000000000
4142;1.576160000000
4143;2.593680000000
4144;1.631120000000
4145;0.680000000000
4146;0.270240000000
4147;0.001280000000
4148;0.000000000000
4149;0.000000000000
4150;0.000000000000
4151;0.000000000000
4152;0.000000000000
4153;0.000000000000
4154;0.000000000000
4155;0.090560000000
4156;0.273680000000
4157;0.120720000000
4158;0.239680000000
4159;0.521120000000
4160;0.699200000000
4161;0.776400000000
4162;0.734640000000
4163;0.692400000000
4164;0.709760000000
4165;0.371760000000
4166;0.680400000000
4167;0.490720000000
4168;0.187360000000
4169;0.198720000000
4170;0.085280000000
4171;0.007920000000
4172;0.000000000000
4173;0.000000000000
4174;0.000000000000
4175;0.000000000000
4176;0.000000000000
4177;0.000000000000
4178;0.000000000000
4179;0.020160000000
4180;0.047360000000
4181;0.121520000000
4182;0.535520000000
4183;1.099680000000
4184;1.055520000000
4185;1.234880000000
4186;1.324240000000
4187;0.838800000000
4188;1.041840000000
4189;0.807600000000
4190;0.961920000000
4191;1.105520000000
4192;0.801840000000
4193;0.460400000000
4194;0.225040000000
4195;0.001360000000
4196;0.000000000000
4197;0.000000000000
4198;0.000000000000
4199;0.000000000000
4200;0.000000000000
4201;0.000000000000
4202;0.000000000000
4203;0.008000000000
4204;0.047200000000
4205;0.217520000000
4206;0.803200000000
4207;2.652160000000
4208;2.212720000000
4209;3.585280000000
4210;0.851760000000
4211;3.304240000000
4212;1.411040000000
4213;1.780000000000
4214;0.816880000000
4215;1.773600000000
4216;0.733120000000
4217;0.503200000000
4218;0.285120000000
4219;0.001440000000
4220;0.000000000000
4221;0.000000000000
4222;0.000000000000
4223;0.000000000000
4224;0.000000000000
4225;0.000000000000
4226;0.000000000000
4227;0.008160000000
4228;0.052480000000
4229;0.526800000000
4230;0.472720000000
4231;1.092320000000
4232;2.766720000000
4233;5.356080000000
4234;5.359120000000
4235;3.999920000000
4236;3.368000000000
4237;4.455360000000
4238;3.365520000000
4239;2.347520000000
4240;1.641840000000
4241;0.452480000000
4242;0.306240000000
4243;0.004480000000
4244;0.000000000000
4245;0.000000000000
4246;0.000000000000
4247;0.000000000000
4248;0.000000000000
4249;0.000000000000
4250;0.000000000000
4251;0.008400000000
4252;0.374160000000
4253;0.794800000000
4254;2.087120000000
4255;2.372000000000
4256;3.924960000000
4257;4.031360000000
4258;4.913120000000
4259;5.808800000000
4260;4.941840000000
4261;4.514640000000
4262;3.306800000000
4263;3.126960000000
4264;1.645840000000
4265;0.678240000000
4266;0.278400000000
4267;0.008000000000
4268;0.000000000000
4269;0.000000000000
4270;0.000000000000
4271;0.000000000000
4272;0.000000000000
4273;0.000000000000
4274;0.000000000000
4275;0.034080000000
4276;0.328400000000
4277;0.694960000000
4278;2.085920000000
4279;3.535200000000
4280;4.741280000000
4281;5.608800000000
4282;5.991440000000
4283;6.074560000000
4284;3.728800000000
4285;1.296160000000
4286;1.970880000000
4287;2.133440000000
4288;1.562640000000
4289;0.651840000000
4290;0.268800000000
4291;0.001280000000
4292;0.000000000000
4293;0.000000000000
4294;0.000000000000
4295;0.000000000000
4296;0.000000000000
4297;0.000000000000
4298;0.000000000000
4299;0.037600000000
4300;0.167440000000
4301;0.125440000000
4302;0.317760000000
4303;0.761920000000
4304;2.527040000000
4305;1.802160000000
4306;2.947120000000
4307;4.992960000000
4308;3.410160000000
4309;0.357600000000
4310;0.399680000000
4311;0.240640000000
4312;0.483040000000
4313;0.162080000000
4314;0.084320000000
4315;0.001360000000
4316;0.000000000000
4317;0.000000000000
4318;0.000000000000
4319;0.000000000000
4320;0.000000000000
4321;0.000000000000
4322;0.000000000000
4323;0.061840000000
4324;0.270960000000
4325;0.235680000000
4326;0.293920000000
4327;0.323440000000
4328;0.483680000000
4329;0.791680000000
4330;0.810240000000
4331;1.004080000000
4332;0.809840000000
4333;1.003280000000
4334;1.031760000000
4335;0.921840000000
4336;1.023360000000
4337;0.229360000000
4338;0.254240000000
4339;0.001440000000
4340;0.000000000000
4341;0.000000000000
4342;0.000000000000
4343;0.000000000000
4344;0.000000000000
4345;0.000000000000
4346;0.000000000000
4347;0.072880000000
4348;0.367200000000
4349;0.694240000000
4350;2.177040000000
4351;3.173920000000
4352;3.744000000000
4353;5.128800000000
4354;1.846960000000
4355;3.948000000000
4356;3.506560000000
4357;2.651120000000
4358;3.774560000000
4359;2.958000000000
4360;1.705760000000
4361;0.442160000000
4362;0.242320000000
4363;0.004480000000
4364;0.000000000000
4365;0.000000000000
4366;0.000000000000
4367;0.000000000000
4368;0.000000000000
4369;0.000000000000
4370;0.000000000000
4371;0.068160000000
4372;0.324080000000
4373;0.666320000000
4374;2.147920000000
4375;3.220240000000
4376;4.477200000000
4377;5.658400000000
4378;6.255120000000
4379;5.981120000000
4380;5.186000000000
4381;5.147360000000
4382;3.027200000000
4383;3.287280000000
4384;1.783680000000
4385;0.449040000000
4386;0.239920000000
4387;0.004400000000
4388;0.000000000000
4389;0.000000000000
4390;0.000000000000
4391;0.000000000000
4392;0.000000000000
4393;0.000000000000
4394;0.000000000000
4395;0.067520000000
4396;0.288960000000
4397;0.662400000000
4398;2.104400000000
4399;3.514640000000
4400;4.775360000000
4401;5.599600000000
4402;6.159680000000
4403;6.240640000000
4404;6.096800000000
4405;5.419920000000
4406;3.164560000000
4407;2.887520000000
4408;1.716480000000
4409;0.483600000000
4410;0.257760000000
4411;0.001280000000
4412;0.000000000000
4413;0.000000000000
4414;0.000000000000
4415;0.000000000000
4416;0.000000000000
4417;0.000000000000
4418;0.000000000000
4419;0.067840000000
4420;0.311920000000
4421;0.646240000000
4422;2.100640000000
4423;3.552720000000
4424;4.823040000000
4425;5.649680000000
4426;6.152960000000
4427;6.195280000000
4428;6.038160000000
4429;5.402000000000
4430;4.477440000000
4431;3.199440000000
4432;1.729920000000
4433;0.449920000000
4434;0.249280000000
4435;0.001200000000
4436;0.000000000000
4437;0.000000000000
4438;0.000000000000
4439;0.000000000000
4440;0.000000000000
4441;0.000000000000
4442;0.000000000000
4443;0.008080000000
4444;0.362320000000
4445;0.736480000000
4446;1.999280000000
4447;3.398560000000
4448;4.600400000000
4449;5.455360000000
4450;5.729520000000
4451;6.122080000000
4452;6.000080000000
4453;5.315280000000
4454;4.423440000000
4455;3.128720000000
4456;1.723360000000
4457;0.468240000000
4458;0.248560000000
4459;0.001360000000
4460;0.000000000000
4461;0.000000000000
4462;0.000000000000
4463;0.000000000000
4464;0.000000000000
4465;0.000000000000
4466;0.000000000000
4467;0.004480000000
4468;0.076240000000
4469;0.188320000000
4470;0.539520000000
4471;1.331840000000
4472;1.461280000000
4473;1.327200000000
4474;1.459600000000
4475;1.571040000000
4476;4.534640000000
4477;4.391520000000
4478;3.953120000000
4479;3.194720000000
4480;1.741200000000
4481;0.464320000000
4482;0.247920000000
4483;0.000000000000
4484;0.000000000000
4485;0.000000000000
4486;0.000000000000
4487;0.000000000000
4488;0.000000000000
4489;0.000000000000
4490;0.000000000000
4491;0.029280000000
4492;0.338240000000
4493;0.759920000000
4494;1.939280000000
4495;1.916240000000
4496;2.081680000000
4497;3.676480000000
4498;2.581280000000
4499;4.265600000000
4500;5.802800000000
4501;4.771280000000
4502;4.314160000000
4503;3.204560000000
4504;1.663920000000
4505;0.625120000000
4506;0.248160000000
4507;0.000000000000
4508;0.000000000000
4509;0.000000000000
4510;0.000000000000
4511;0.000000000000
4512;0.000000000000
4513;0.000000000000
4514;0.000000000000
4515;0.004480000000
4516;0.221440000000
4517;0.503600000000
4518;0.777120000000
4519;0.863760000000
4520;1.697760000000
4521;3.884960000000
4522;4.581280000000
4523;5.747280000000
4524;4.868320000000
4525;5.036480000000
4526;4.398080000000
4527;3.139840000000
4528;1.721120000000
4529;0.486080000000
4530;0.243120000000
4531;0.000000000000
4532;0.000000000000
4533;0.000000000000
4534;0.000000000000
4535;0.000000000000
4536;0.000000000000
4537;0.000000000000
4538;0.000000000000
4539;0.004560000000
4540;0.061680000000
4541;0.788160000000
4542;1.826800000000
4543;3.407040000000
4544;4.459040000000
4545;2.870080000000
4546;4.367200000000
4547;4.947520000000
4548;3.448080000000
4549;2.616160000000
4550;3.774720000000
4551;2.953520000000
4552;1.719920000000
4553;0.538640000000
4554;0.084000000000
4555;0.000000000000
4556;0.000000000000
4557;0.000000000000
4558;0.000000000000
4559;0.000000000000
4560;0.000000000000
4561;0.000000000000
4562;0.000000000000
4563;0.001440000000
4564;0.340000000000
4565;0.126720000000
4566;0.222640000000
4567;1.066160000000
4568;1.318560000000
4569;1.635840000000
4570;2.368960000000
4571;2.064240000000
4572;1.658560000000
4573;1.394880000000
4574;2.281120000000
4575;2.428320000000
4576;1.547440000000
4577;0.681120000000
4578;0.114320000000
4579;0.000000000000
4580;0.000000000000
4581;0.000000000000
4582;0.000000000000
4583;0.000000000000
4584;0.000000000000
4585;0.000000000000
4586;0.000000000000
4587;0.000000000000
4588;0.000000000000
4589;0.000000000000
4590;0.000000000000
4591;0.000000000000
4592;0.661440000000
4593;1.385360000000
4594;1.147360000000
4595;1.311680000000
4596;2.310880000000
4597;1.332720000000
4598;0.456960000000
4599;0.241840000000
4600;0.362480000000
4601;0.461600000000
4602;0.050960000000
4603;0.000000000000
4604;0.000000000000
4605;0.000000000000
4606;0.000000000000
4607;0.000000000000
4608;0.000000000000
4609;0.000000000000
4610;0.000000000000
4611;0.001440000000
4612;0.047200000000
4613;0.182880000000
4614;0.182720000000
4615;0.280720000000
4616;0.724800000000
4617;0.895520000000
4618;0.991440000000
4619;0.991280000000
4620;0.707040000000
4621;2.346640000000
4622;2.732800000000
4623;0.996080000000
4624;0.842720000000
4625;0.567520000000
4626;0.028480000000
4627;0.000000000000
4628;0.000000000000
4629;0.000000000000
4630;0.000000000000
4631;0.000000000000
4632;0.000000000000
4633;0.000000000000
4634;0.000000000000
4635;0.001440000000
4636;0.037760000000
4637;0.576240000000
4638;1.659920000000
4639;2.843040000000
4640;3.109120000000
4641;4.214080000000
4642;4.374160000000
4643;4.448160000000
4644;5.813680000000
4645;5.364400000000
4646;4.355760000000
4647;2.985600000000
4648;1.685680000000
4649;0.455360000000
4650;0.243360000000
4651;0.000000000000
4652;0.000000000000
4653;0.000000000000
4654;0.000000000000
4655;0.000000000000
4656;0.000000000000
4657;0.000000000000
4658;0.000000000000
4659;0.020000000000
4660;0.285840000000
4661;0.670480000000
4662;0.716960000000
4663;1.134720000000
4664;1.869600000000
4665;1.674240000000
4666;3.748480000000
4667;5.938240000000
4668;5.890480000000
4669;5.295360000000
4670;4.465840000000
4671;3.198880000000
4672;1.738720000000
4673;0.472720000000
4674;0.234640000000
4675;0.000000000000
4676;0.000000000000
4677;0.000000000000
4678;0.000000000000
4679;0.000000000000
4680;0.000000000000
4681;0.000000000000
4682;0.000000000000
4683;0.001520000000
4684;0.299840000000
4685;0.609120000000
4686;1.992320000000
4687;3.370640000000
4688;3.530880000000
4689;4.558240000000
4690;4.790640000000
4691;3.840800000000
4692;4.968240000000
4693;4.335680000000
4694;4.327200000000
4695;3.236480000000
4696;1.749280000000
4697;0.456720000000
4698;0.239440000000
4699;0.000000000000
4700;0.000000000000
4701;0.000000000000
4702;0.000000000000
4703;0.000000000000
4704;0.000000000000
4705;0.000000000000
4706;0.000000000000
4707;0.001520000000
4708;0.175440000000
4709;0.645920000000
4710;1.914560000000
4711;3.369520000000
4712;4.593120000000
4713;5.451120000000
4714;5.671920000000
4715;4.192160000000
4716;2.751680000000
4717;3.900000000000
4718;4.107600000000
4719;2.940800000000
4720;0.869840000000
4721;0.365520000000
4722;0.098480000000
4723;0.000000000000
4724;0.000000000000
4725;0.000000000000
4726;0.000000000000
4727;0.000000000000
4728;0.000000000000
4729;0.000000000000
4730;0.000000000000
4731;0.000000000000
4732;0.193280000000
4733;0.460160000000
4734;0.498960000000
4735;0.000000000000
4736;2.792960000000
4737;2.875840000000
4738;2.462720000000
4739;1.321920000000
4740;1.544480000000
4741;1.003040000000
4742;0.859920000000
4743;0.841920000000
4744;0.785360000000
4745;0.340800000000
4746;0.181680000000
4747;0.000000000000
4748;0.000000000000
4749;0.000000000000
4750;0.000000000000
4751;0.000000000000
4752;0.000000000000
4753;0.000000000000
4754;0.000000000000
4755;0.000000000000
4756;0.046560000000
4757;0.209760000000
4758;0.227040000000
4759;0.905120000000
4760;1.024000000000
4761;1.113280000000
4762;1.469840000000
4763;1.501200000000
4764;1.451280000000
4765;1.254400000000
4766;0.934000000000
4767;0.667680000000
4768;1.170240000000
4769;0.259760000000
4770;0.218240000000
4771;0.000000000000
4772;0.000000000000
4773;0.000000000000
4774;0.000000000000
4775;0.000000000000
4776;0.000000000000
4777;0.000000000000
4778;0.000000000000
4779;0.000000000000
4780;0.032880000000
4781;0.098320000000
4782;0.537360000000
4783;0.602400000000
4784;0.780720000000
4785;1.363440000000
4786;0.886480000000
4787;1.027280000000
4788;2.599840000000
4789;4.051680000000
4790;2.820880000000
4791;3.014480000000
4792;1.680960000000
4793;0.490400000000
4794;0.228720000000
4795;0.000000000000
4796;0.000000000000
4797;0.000000000000
4798;0.000000000000
4799;0.000000000000
4800;0.000000000000
4801;0.000000000000
4802;0.000000000000
4803;0.000000000000
4804;0.282160000000
4805;0.583360000000
4806;1.966240000000
4807;3.413120000000
4808;4.496720000000
4809;4.140880000000
4810;5.304320000000
4811;5.521280000000
4812;6.044240000000
4813;5.509280000000
4814;4.545280000000
4815;3.221360000000
4816;1.738000000000
4817;0.451600000000
4818;0.201840000000
4819;0.000000000000
4820;0.000000000000
4821;0.000000000000
4822;0.000000000000
4823;0.000000000000
4824;0.000000000000
4825;0.000000000000
4826;0.000000000000
4827;0.000000000000
4828;0.256640000000
4829;0.696240000000
4830;1.657600000000
4831;2.899680000000
4832;4.354560000000
4833;4.716960000000
4834;5.060480000000
4835;5.865360000000
4836;5.393440000000
4837;4.890720000000
4838;3.599440000000
4839;3.196800000000
4840;1.712160000000
4841;0.516720000000
4842;0.233280000000
4843;0.000000000000
4844;0.000000000000
4845;0.000000000000
4846;0.000000000000
4847;0.000000000000
4848;0.000000000000
4849;0.000000000000
4850;0.000000000000
4851;0.000000000000
4852;0.028960000000
4853;0.703360000000
4854;1.480880000000
4855;2.913760000000
4856;4.283680000000
4857;5.189920000000
4858;5.352560000000
4859;3.729840000000
4860;2.222320000000
4861;3.822320000000
4862;3.840240000000
4863;2.900000000000
4864;1.630800000000
4865;0.500480000000
4866;0.214480000000
4867;0.000000000000
4868;0.000000000000
4869;0.000000000000
4870;0.000000000000
4871;0.000000000000
4872;0.000000000000
4873;0.000000000000
4874;0.000000000000
4875;0.000000000000
4876;0.204960000000
4877;0.677840000000
4878;1.755680000000
4879;3.115200000000
4880;4.363840000000
4881;5.234320000000
4882;5.744320000000
4883;5.322080000000
4884;4.094480000000
4885;4.759920000000
4886;4.156320000000
4887;3.032560000000
4888;1.673920000000
4889;0.453120000000
4890;0.206080000000
4891;0.000000000000
4892;0.000000000000
4893;0.000000000000
4894;0.000000000000
4895;0.000000000000
4896;0.000000000000
4897;0.000000000000
4898;0.000000000000
4899;0.000000000000
4900;0.252640000000
4901;0.418320000000
4902;1.563360000000
4903;1.946720000000
4904;4.381040000000
4905;5.227280000000
4906;1.778160000000
4907;1.181360000000
4908;2.441040000000
4909;3.545360000000
4910;2.204320000000
4911;2.724320000000
4912;1.605520000000
4913;0.433040000000
4914;0.199040000000
4915;0.000000000000
4916;0.000000000000
4917;0.000000000000
4918;0.000000000000
4919;0.000000000000
4920;0.000000000000
4921;0.000000000000
4922;0.000000000000
4923;0.000000000000
4924;0.241360000000
4925;0.567840000000
4926;1.835680000000
4927;3.224400000000
4928;3.509520000000
4929;4.079360000000
4930;4.749280000000
4931;4.657360000000
4932;1.237680000000
4933;4.828320000000
4934;4.176560000000
4935;2.898640000000
4936;1.654800000000
4937;0.425120000000
4938;0.193360000000
4939;0.000000000000
4940;0.000000000000
4941;0.000000000000
4942;0.000000000000
4943;0.000000000000
4944;0.000000000000
4945;0.000000000000
4946;0.000000000000
4947;0.000000000000
4948;0.237120000000
4949;0.557040000000
4950;1.845760000000
4951;3.266080000000
4952;4.494960000000
4953;5.345840000000
4954;5.899440000000
4955;6.006240000000
4956;5.668080000000
4957;5.151760000000
4958;4.394000000000
4959;3.108800000000
4960;1.657840000000
4961;0.413120000000
4962;0.188080000000
4963;0.000000000000
4964;0.000000000000
4965;0.000000000000
4966;0.000000000000
4967;0.000000000000
4968;0.000000000000
4969;0.000000000000
4970;0.000000000000
4971;0.000000000000
4972;0.224320000000
4973;0.543840000000
4974;1.818720000000
4975;3.237600000000
4976;4.397920000000
4977;3.092560000000
4978;3.245920000000
4979;2.983440000000
4980;2.721120000000
4981;3.895440000000
4982;2.373120000000
4983;2.827760000000
4984;1.306640000000
4985;0.508080000000
4986;0.182960000000
4987;0.000000000000
4988;0.000000000000
4989;0.000000000000
4990;0.000000000000
4991;0.000000000000
4992;0.000000000000
4993;0.000000000000
4994;0.000000000000
4995;0.000000000000
4996;0.140800000000
4997;0.642080000000
4998;1.769680000000
4999;3.168960000000
5000;4.415440000000
5001;5.103360000000
5002;4.405920000000
5003;4.104080000000
5004;5.428080000000
5005;4.833280000000
5006;4.281040000000
5007;2.816080000000
5008;0.896800000000
5009;0.495600000000
5010;0.176880000000
5011;0.000000000000
5012;0.000000000000
5013;0.000000000000
5014;0.000000000000
5015;0.000000000000
5016;0.000000000000
5017;0.000000000000
5018;0.000000000000
5019;0.000000000000
5020;0.023680000000
5021;0.086560000000
5022;0.235600000000
5023;1.038720000000
5024;0.822240000000
5025;1.406560000000
5026;3.020400000000
5027;3.260000000000
5028;4.039920000000
5029;4.597920000000
5030;4.158560000000
5031;2.996000000000
5032;1.598160000000
5033;0.426000000000
5034;0.168240000000
5035;0.000000000000
5036;0.000000000000
5037;0.000000000000
5038;0.000000000000
5039;0.000000000000
5040;0.000000000000
5041;0.000000000000
5042;0.000000000000
5043;0.000000000000
5044;0.204720000000
5045;0.616560000000
5046;1.386640000000
5047;1.912560000000
5048;1.260880000000
5049;1.183120000000
5050;1.885680000000
5051;2.731760000000
5052;5.837520000000
5053;4.897120000000
5054;4.282320000000
5055;3.051520000000
5056;1.606400000000
5057;0.404720000000
5058;0.161920000000
5059;0.000000000000
5060;0.000000000000
5061;0.000000000000
5062;0.000000000000
5063;0.000000000000
5064;0.000000000000
5065;0.000000000000
5066;0.000000000000
5067;0.000000000000
5068;0.192720000000
5069;0.539840000000
5070;1.774240000000
5071;3.169280000000
5072;4.390080000000
5073;5.195520000000
5074;5.789280000000
5075;5.925120000000
5076;5.783600000000
5077;5.145040000000
5078;4.217600000000
5079;2.963360000000
5080;1.557040000000
5081;0.414560000000
5082;0.149840000000
5083;0.000000000000
5084;0.000000000000
5085;0.000000000000
5086;0.000000000000
5087;0.000000000000
5088;0.000000000000
5089;0.000000000000
5090;0.000000000000
5091;0.000000000000
5092;0.020000000000
5093;0.109920000000
5094;0.626800000000
5095;1.188160000000
5096;2.956800000000
5097;3.786880000000
5098;3.247840000000
5099;3.337520000000
5100;4.217120000000
5101;1.632960000000
5102;2.427280000000
5103;2.903280000000
5104;1.173920000000
5105;0.512240000000
5106;0.150960000000
5107;0.000000000000
5108;0.000000000000
5109;0.000000000000
5110;0.000000000000
5111;0.000000000000
5112;0.000000000000
5113;0.000000000000
5114;0.000000000000
5115;0.000000000000
5116;0.076960000000
5117;0.598240000000
5118;1.763440000000
5119;2.980080000000
5120;2.875280000000
5121;3.095920000000
5122;2.302640000000
5123;3.859920000000
5124;2.367840000000
5125;2.318080000000
5126;1.816800000000
5127;1.979920000000
5128;1.359280000000
5129;0.362160000000
5130;0.134800000000
5131;0.000000000000
5132;0.000000000000
5133;0.000000000000
5134;0.000000000000
5135;0.000000000000
5136;0.000000000000
5137;0.000000000000
5138;0.000000000000
5139;0.000000000000
5140;0.159440000000
5141;0.612560000000
5142;1.813520000000
5143;3.341840000000
5144;3.680320000000
5145;3.307840000000
5146;1.903680000000
5147;5.369840000000
5148;4.465200000000
5149;4.514400000000
5150;1.732880000000
5151;2.693840000000
5152;1.660960000000
5153;0.338320000000
5154;0.129200000000
5155;0.000000000000
5156;0.000000000000
5157;0.000000000000
5158;0.000000000000
5159;0.000000000000
5160;0.000000000000
5161;0.000000000000
5162;0.000000000000
5163;0.000000000000
5164;0.164000000000
5165;0.508000000000
5166;1.828720000000
5167;3.321680000000
5168;4.525520000000
5169;5.229840000000
5170;4.446080000000
5171;2.294240000000
5172;1.474560000000
5173;0.733280000000
5174;3.505920000000
5175;2.850160000000
5176;1.529200000000
5177;0.379440000000
5178;0.119920000000
5179;0.000000000000
5180;0.000000000000
5181;0.000000000000
5182;0.000000000000
5183;0.000000000000
5184;0.000000000000
5185;0.000000000000
5186;0.000000000000
5187;0.000000000000
5188;0.147760000000
5189;0.538320000000
5190;1.632080000000
5191;2.684480000000
5192;3.092080000000
5193;2.937120000000
5194;4.173040000000
5195;3.342880000000
5196;3.613200000000
5197;1.681840000000
5198;1.137600000000
5199;1.139120000000
5200;1.116960000000
5201;0.394640000000
5202;0.123120000000
5203;0.000000000000
5204;0.000000000000
5205;0.000000000000
5206;0.000000000000
5207;0.000000000000
5208;0.000000000000
5209;0.000000000000
5210;0.000000000000
5211;0.000000000000
5212;0.141600000000
5213;0.561040000000
5214;1.011280000000
5215;2.830080000000
5216;4.368720000000
5217;5.189360000000
5218;5.127280000000
5219;3.452080000000
5220;4.534720000000
5221;0.444000000000
5222;0.501760000000
5223;0.810480000000
5224;1.311040000000
5225;0.458960000000
5226;0.019440000000
5227;0.000000000000
5228;0.000000000000
5229;0.000000000000
5230;0.000000000000
5231;0.000000000000
5232;0.000000000000
5233;0.000000000000
5234;0.000000000000
5235;0.000000000000
5236;0.033360000000
5237;0.160000000000
5238;1.302480000000
5239;2.749040000000
5240;1.839600000000
5241;1.222640000000
5242;2.243120000000
5243;2.943440000000
5244;1.672800000000
5245;0.332000000000
5246;2.336000000000
5247;1.570880000000
5248;0.638800000000
5249;0.426160000000
5250;0.060560000000
5251;0.000000000000
5252;0.000000000000
5253;0.000000000000
5254;0.000000000000
5255;0.000000000000
5256;0.000000000000
5257;0.000000000000
5258;0.000000000000
5259;0.000000000000
5260;0.137520000000
5261;0.486720000000
5262;1.820640000000
5263;3.345440000000
5264;4.727200000000
5265;5.000960000000
5266;4.697040000000
5267;5.625600000000
5268;4.454480000000
5269;4.002480000000
5270;3.482880000000
5271;0.207120000000
5272;1.100080000000
5273;0.384640000000
5274;0.094720000000
5275;0.000000000000
5276;0.000000000000
5277;0.000000000000
5278;0.000000000000
5279;0.000000000000
5280;0.000000000000
5281;0.000000000000
5282;0.000000000000
5283;0.000000000000
5284;0.127360000000
5285;0.449200000000
5286;1.866080000000
5287;3.419040000000
5288;4.728320000000
5289;4.783600000000
5290;5.838640000000
5291;6.006160000000
5292;5.966000000000
5293;3.881680000000
5294;4.338160000000
5295;2.012000000000
5296;1.548720000000
5297;0.448240000000
5298;0.078560000000
5299;0.000000000000
5300;0.000000000000
5301;0.000000000000
5302;0.000000000000
5303;0.000000000000
5304;0.000000000000
5305;0.000000000000
5306;0.000000000000
5307;0.000000000000
5308;0.011760000000
5309;0.531520000000
5310;1.090160000000
5311;3.291840000000
5312;4.300080000000
5313;4.269920000000
5314;1.798800000000
5315;3.767600000000
5316;3.190400000000
5317;2.162480000000
5318;2.322560000000
5319;1.846880000000
5320;0.553440000000
5321;0.304000000000
5322;0.073680000000
5323;0.000000000000
5324;0.000000000000
5325;0.000000000000
5326;0.000000000000
5327;0.000000000000
5328;0.000000000000
5329;0.000000000000
5330;0.000000000000
5331;0.000000000000
5332;0.080480000000
5333;0.509840000000
5334;1.792560000000
5335;3.343280000000
5336;4.695040000000
5337;5.460880000000
5338;3.887760000000
5339;4.947120000000
5340;4.791440000000
5341;4.914240000000
5342;4.401200000000
5343;3.082080000000
5344;1.528000000000
5345;0.333440000000
5346;0.068640000000
5347;0.000000000000
5348;0.000000000000
5349;0.000000000000
5350;0.000000000000
5351;0.000000000000
5352;0.000000000000
5353;0.000000000000
5354;0.000000000000
5355;0.000000000000
5356;0.105120000000
5357;0.331600000000
5358;1.461120000000
5359;1.786800000000
5360;4.365600000000
5361;5.561280000000
5362;4.762560000000
5363;4.685440000000
5364;2.322720000000
5365;2.226960000000
5366;1.619840000000
5367;1.447120000000
5368;0.638560000000
5369;0.342720000000
5370;0.055360000000
5371;0.000000000000
5372;0.000000000000
5373;0.000000000000
5374;0.000000000000
5375;0.000000000000
5376;0.000000000000
5377;0.000000000000
5378;0.000000000000
5379;0.000000000000
5380;0.008000000000
5381;0.104720000000
5382;0.878240000000
5383;2.959440000000
5384;3.620320000000
5385;4.627280000000
5386;5.614160000000
5387;1.315200000000
5388;2.482320000000
5389;4.431200000000
5390;1.975280000000
5391;2.635360000000
5392;1.439040000000
5393;0.374720000000
5394;0.046880000000
5395;0.000000000000
5396;0.000000000000
5397;0.000000000000
5398;0.000000000000
5399;0.000000000000
5400;0.000000000000
5401;0.000000000000
5402;0.000000000000
5403;0.000000000000
5404;0.008320000000
5405;0.504320000000
5406;1.757680000000
5407;3.329280000000
5408;4.497120000000
5409;4.628480000000
5410;2.982560000000
5411;4.187920000000
5412;2.904800000000
5413;4.004880000000
5414;3.564960000000
5415;2.935920000000
5416;1.452960000000
5417;0.272080000000
5418;0.037440000000
5419;0.000000000000
5420;0.000000000000
5421;0.000000000000
5422;0.000000000000
5423;0.000000000000
5424;0.000000000000
5425;0.000000000000
5426;0.000000000000
5427;0.000000000000
5428;0.072560000000
5429;0.424720000000
5430;1.646320000000
5431;2.542240000000
5432;2.756080000000
5433;1.656240000000
5434;3.329200000000
5435;4.031520000000
5436;0.940640000000
5437;1.130160000000
5438;0.627120000000
5439;0.621360000000
5440;0.427040000000
5441;0.196880000000
5442;0.004320000000
5443;0.000000000000
5444;0.000000000000
5445;0.000000000000
5446;0.000000000000
5447;0.000000000000
5448;0.000000000000
5449;0.000000000000
5450;0.000000000000
5451;0.000000000000
5452;0.061840000000
5453;0.462800000000
5454;1.652880000000
5455;1.337520000000
5456;1.942320000000
5457;3.954880000000
5458;1.707920000000
5459;5.247520000000
5460;3.764800000000
5461;2.917200000000
5462;1.205280000000
5463;1.403680000000
5464;1.240880000000
5465;0.256960000000
5466;0.004320000000
5467;0.000000000000
5468;0.000000000000
5469;0.000000000000
5470;0.000000000000
5471;0.000000000000
5472;0.000000000000
5473;0.000000000000
5474;0.000000000000
5475;0.000000000000
5476;0.004560000000
5477;0.067360000000
5478;0.985280000000
5479;0.958240000000
5480;0.944320000000
5481;1.572640000000
5482;1.027440000000
5483;0.835440000000
5484;1.510080000000
5485;1.501920000000
5486;0.697120000000
5487;0.983440000000
5488;0.920240000000
5489;0.346960000000
5490;0.001280000000
5491;0.000000000000
5492;0.000000000000
5493;0.000000000000
5494;0.000000000000
5495;0.000000000000
5496;0.000000000000
5497;0.000000000000
5498;0.000000000000
5499;0.000000000000
5500;0.004400000000
5501;0.071840000000
5502;0.448880000000
5503;0.795920000000
5504;2.653360000000
5505;2.402640000000
5506;1.480800000000
5507;0.939440000000
5508;0.701840000000
5509;2.134000000000
5510;0.992640000000
5511;1.914960000000
5512;1.152000000000
5513;0.288640000000
5514;0.000000000000
5515;0.000000000000
5516;0.000000000000
5517;0.000000000000
5518;0.000000000000
5519;0.000000000000
5520;0.000000000000
5521;0.000000000000
5522;0.000000000000
5523;0.000000000000
5524;0.004480000000
5525;0.143280000000
5526;0.627760000000
5527;0.804800000000
5528;2.014640000000
5529;3.189200000000
5530;3.717680000000
5531;4.719920000000
5532;2.857200000000
5533;3.968240000000
5534;3.037040000000
5535;2.013360000000
5536;1.224720000000
5537;0.255840000000
5538;0.000000000000
5539;0.000000000000
5540;0.000000000000
5541;0.000000000000
5542;0.000000000000
5543;0.000000000000
5544;0.000000000000
5545;0.000000000000
5546;0.000000000000
5547;0.000000000000
5548;0.001520000000
5549;0.448880000000
5550;1.715040000000
5551;3.202560000000
5552;4.177920000000
5553;5.443840000000
5554;4.369920000000
5555;3.326640000000
5556;3.605440000000
5557;2.804880000000
5558;1.968400000000
5559;0.820720000000
5560;0.411360000000
5561;0.096640000000
5562;0.000000000000
5563;0.000000000000
5564;0.000000000000
5565;0.000000000000
5566;0.000000000000
5567;0.000000000000
5568;0.000000000000
5569;0.000000000000
5570;0.000000000000
5571;0.000000000000
5572;0.011920000000
5573;0.377120000000
5574;1.679200000000
5575;3.182560000000
5576;4.396960000000
5577;5.421520000000
5578;4.733360000000
5579;4.978720000000
5580;5.815840000000
5581;4.796240000000
5582;3.477200000000
5583;2.871520000000
5584;1.348560000000
5585;0.226480000000
5586;0.000000000000
5587;0.000000000000
5588;0.000000000000
5589;0.000000000000
5590;0.000000000000
5591;0.000000000000
5592;0.000000000000
5593;0.000000000000
5594;0.000000000000
5595;0.000000000000
5596;0.001520000000
5597;0.419520000000
5598;1.710240000000
5599;3.252000000000
5600;4.618720000000
5601;5.458480000000
5602;5.916400000000
5603;5.437760000000
5604;5.494080000000
5605;5.123840000000
5606;4.081760000000
5607;2.815280000000
5608;1.310800000000
5609;0.211040000000
5610;0.000000000000
5611;0.000000000000
5612;0.000000000000
5613;0.000000000000
5614;0.000000000000
5615;0.000000000000
5616;0.000000000000
5617;0.000000000000
5618;0.000000000000
5619;0.000000000000
5620;0.001440000000
5621;0.405200000000
5622;1.700240000000
5623;3.230880000000
5624;4.611760000000
5625;5.528160000000
5626;6.007680000000
5627;6.148080000000
5628;5.726720000000
5629;5.109920000000
5630;4.228240000000
5631;2.827200000000
5632;1.286000000000
5633;0.193520000000
5634;0.000000000000
5635;0.000000000000
5636;0.000000000000
5637;0.000000000000
5638;0.000000000000
5639;0.000000000000
5640;0.000000000000
5641;0.000000000000
5642;0.000000000000
5643;0.000000000000
5644;0.001520000000
5645;0.396400000000
5646;1.682560000000
5647;3.194640000000
5648;4.512960000000
5649;5.437600000000
5650;5.983040000000
5651;6.090880000000
5652;5.933200000000
5653;5.258080000000
5654;4.226880000000
5655;2.834320000000
5656;1.273680000000
5657;0.201360000000
5658;0.000000000000
5659;0.000000000000
5660;0.000000000000
5661;0.000000000000
5662;0.000000000000
5663;0.000000000000
5664;0.000000000000
5665;0.000000000000
5666;0.000000000000
5667;0.000000000000
5668;0.000000000000
5669;0.387920000000
5670;1.514160000000
5671;2.749920000000
5672;4.498320000000
5673;5.419520000000
5674;6.028560000000
5675;6.078400000000
5676;5.843600000000
5677;5.219360000000
5678;4.121200000000
5679;2.771600000000
5680;1.231920000000
5681;0.197120000000
5682;0.000000000000
5683;0.000000000000
5684;0.000000000000
5685;0.000000000000
5686;0.000000000000
5687;0.000000000000
5688;0.000000000000
5689;0.000000000000
5690;0.000000000000
5691;0.000000000000
5692;0.000000000000
5693;0.192640000000
5694;1.251280000000
5695;2.394640000000
5696;4.140720000000
5697;3.689360000000
5698;2.978800000000
5699;1.350960000000
5700;2.645840000000
5701;4.353200000000
5702;3.840960000000
5703;2.565600000000
5704;1.148240000000
5705;0.203520000000
5706;0.000000000000
5707;0.000000000000
5708;0.000000000000
5709;0.000000000000
5710;0.000000000000
5711;0.000000000000
5712;0.000000000000
5713;0.000000000000
5714;0.000000000000
5715;0.000000000000
5716;0.000000000000
5717;0.359040000000
5718;1.464320000000
5719;2.888000000000
5720;4.268240000000
5721;5.149760000000
5722;5.676880000000
5723;5.827600000000
5724;5.546560000000
5725;0.627360000000
5726;0.558560000000
5727;2.368480000000
5728;0.893760000000
5729;0.186080000000
5730;0.000000000000
5731;0.000000000000
5732;0.000000000000
5733;0.000000000000
5734;0.000000000000
5735;0.000000000000
5736;0.000000000000
5737;0.000000000000
5738;0.000000000000
5739;0.000000000000
5740;0.000000000000
5741;0.336880000000
5742;1.392320000000
5743;2.875360000000
5744;4.231040000000
5745;5.030320000000
5746;5.629280000000
5747;4.766000000000
5748;3.365600000000
5749;2.070160000000
5750;3.270720000000
5751;0.152000000000
5752;0.208160000000
5753;0.025120000000
5754;0.000000000000
5755;0.000000000000
5756;0.000000000000
5757;0.000000000000
5758;0.000000000000
5759;0.000000000000
5760;0.000000000000
5761;0.000000000000
5762;0.000000000000
5763;0.000000000000
5764;0.000000000000
5765;0.338560000000
5766;1.340880000000
5767;2.854080000000
5768;4.174720000000
5769;5.123120000000
5770;5.600400000000
5771;5.710400000000
5772;5.269360000000
5773;4.792160000000
5774;3.717840000000
5775;2.584880000000
5776;1.073520000000
5777;0.177200000000
5778;0.000000000000
5779;0.000000000000
5780;0.000000000000
5781;0.000000000000
5782;0.000000000000
5783;0.000000000000
5784;0.000000000000
5785;0.000000000000
5786;0.000000000000
5787;0.000000000000
5788;0.000000000000
5789;0.092880000000
5790;1.177600000000
5791;1.650880000000
5792;3.298320000000
5793;3.472880000000
5794;3.543360000000
5795;4.380880000000
5796;2.663200000000
5797;1.651360000000
5798;3.313760000000
5799;2.169280000000
5800;1.019040000000
5801;0.171200000000
5802;0.000000000000
5803;0.000000000000
5804;0.000000000000
5805;0.000000000000
5806;0.000000000000
5807;0.000000000000
5808;0.000000000000
5809;0.000000000000
5810;0.000000000000
5811;0.000000000000
5812;0.000000000000
5813;0.301040000000
5814;1.349040000000
5815;2.792080000000
5816;4.209440000000
5817;5.178560000000
5818;5.750240000000
5819;5.882400000000
5820;5.662800000000
5821;4.917920000000
5822;3.899680000000
5823;2.528880000000
5824;1.042400000000
5825;0.154320000000
5826;0.000000000000
5827;0.000000000000
5828;0.000000000000
5829;0.000000000000
5830;0.000000000000
5831;0.000000000000
5832;0.000000000000
5833;0.000000000000
5834;0.000000000000
5835;0.000000000000
5836;0.000000000000
5837;0.260080000000
5838;1.635760000000
5839;2.947040000000
5840;3.324080000000
5841;4.138640000000
5842;4.940640000000
5843;4.002880000000
5844;4.057840000000
5845;1.269760000000
5846;2.371840000000
5847;1.534560000000
5848;0.709440000000
5849;0.080160000000
5850;0.000000000000
5851;0.000000000000
5852;0.000000000000
5853;0.000000000000
5854;0.000000000000
5855;0.000000000000
5856;0.000000000000
5857;0.000000000000
5858;0.000000000000
5859;0.000000000000
5860;0.000000000000
5861;0.306080000000
5862;1.656640000000
5863;2.417600000000
5864;4.113760000000
5865;2.309200000000
5866;1.622320000000
5867;3.254960000000
5868;4.175120000000
5869;4.226400000000
5870;4.115120000000
5871;2.618640000000
5872;1.022640000000
5873;0.128960000000
5874;0.000000000000
5875;0.000000000000
5876;0.000000000000
5877;0.000000000000
5878;0.000000000000
5879;0.000000000000
5880;0.000000000000
5881;0.000000000000
5882;0.000000000000
5883;0.000000000000
5884;0.000000000000
5885;0.300880000000
5886;1.464400000000
5887;3.044560000000
5888;4.435520000000
5889;5.508160000000
5890;6.077920000000
5891;5.049840000000
5892;2.530080000000
5893;3.351920000000
5894;3.890720000000
5895;2.555520000000
5896;0.959920000000
5897;0.108160000000
5898;0.000000000000
5899;0.000000000000
5900;0.000000000000
5901;0.000000000000
5902;0.000000000000
5903;0.000000000000
5904;0.000000000000
5905;0.000000000000
5906;0.000000000000
5907;0.000000000000
5908;0.000000000000
5909;0.236320000000
5910;0.624880000000
5911;1.178480000000
5912;1.517440000000
5913;3.170080000000
5914;4.503520000000
5915;4.023520000000
5916;3.461200000000
5917;3.033920000000
5918;1.821600000000
5919;2.211360000000
5920;0.779760000000
5921;0.094160000000
5922;0.000000000000
5923;0.000000000000
5924;0.000000000000
5925;0.000000000000
5926;0.000000000000
5927;0.000000000000
5928;0.000000000000
5929;0.000000000000
5930;0.000000000000
5931;0.000000000000
5932;0.000000000000
5933;0.238960000000
5934;0.695680000000
5935;1.186320000000
5936;2.348240000000
5937;3.615920000000
5938;4.110560000000
5939;3.727360000000
5940;3.460400000000
5941;2.625920000000
5942;1.947520000000
5943;2.555280000000
5944;0.976880000000
5945;0.079360000000
5946;0.000000000000
5947;0.000000000000
5948;0.000000000000
5949;0.000000000000
5950;0.000000000000
5951;0.000000000000
5952;0.000000000000
5953;0.000000000000
5954;0.000000000000
5955;0.000000000000
5956;0.000000000000
5957;0.111360000000
5958;0.443600000000
5959;0.769520000000
5960;1.103120000000
5961;1.437520000000
5962;3.320000000000
5963;3.760880000000
5964;3.484080000000
5965;4.908320000000
5966;3.591680000000
5967;2.350080000000
5968;0.878080000000
5969;0.045680000000
5970;0.000000000000
5971;0.000000000000
5972;0.000000000000
5973;0.000000000000
5974;0.000000000000
5975;0.000000000000
5976;0.000000000000
5977;0.000000000000
5978;0.000000000000
5979;0.000000000000
5980;0.000000000000
5981;0.240640000000
5982;1.129200000000
5983;1.676480000000
5984;2.606480000000
5985;1.138640000000
5986;0.738480000000
5987;0.809760000000
5988;1.309520000000
5989;1.068560000000
5990;0.461520000000
5991;0.408320000000
5992;0.333360000000
5993;0.019440000000
5994;0.000000000000
5995;0.000000000000
5996;0.000000000000
5997;0.000000000000
5998;0.000000000000
5999;0.000000000000
6000;0.000000000000
6001;0.000000000000
6002;0.000000000000
6003;0.000000000000
6004;0.000000000000
6005;0.222400000000
6006;1.590080000000
6007;3.293200000000
6008;4.679120000000
6009;5.752720000000
6010;6.255360000000
6011;6.102160000000
6012;5.539520000000
6013;3.404800000000
6014;4.079680000000
6015;2.458320000000
6016;0.863520000000
6017;0.037120000000
6018;0.000000000000
6019;0.000000000000
6020;0.000000000000
6021;0.000000000000
6022;0.000000000000
6023;0.000000000000
6024;0.000000000000
6025;0.000000000000
6026;0.000000000000
6027;0.000000000000
6028;0.000000000000
6029;0.111200000000
6030;0.841200000000
6031;1.130480000000
6032;3.192720000000
6033;5.419600000000
6034;6.127280000000
6035;6.023920000000
6036;5.888320000000
6037;5.062000000000
6038;3.929840000000
6039;2.464160000000
6040;0.894640000000
6041;0.027840000000
6042;0.000000000000
6043;0.000000000000
6044;0.000000000000
6045;0.000000000000
6046;0.000000000000
6047;0.000000000000
6048;0.000000000000
6049;0.000000000000
6050;0.000000000000
6051;0.000000000000
6052;0.000000000000
6053;0.022640000000
6054;0.601280000000
6055;2.018640000000
6056;3.771440000000
6057;4.997200000000
6058;4.446400000000
6059;2.937520000000
6060;1.401440000000
6061;1.609440000000
6062;0.806800000000
6063;0.274560000000
6064;0.185360000000
6065;0.007760000000
6066;0.000000000000
6067;0.000000000000
6068;0.000000000000
6069;0.000000000000
6070;0.000000000000
6071;0.000000000000
6072;0.000000000000
6073;0.000000000000
6074;0.000000000000
6075;0.000000000000
6076;0.000000000000
6077;0.205760000000
6078;0.149040000000
6079;0.456640000000
6080;0.610480000000
6081;1.334480000000
6082;1.353920000000
6083;2.164960000000
6084;1.828720000000
6085;2.656400000000
6086;3.342320000000
6087;1.285360000000
6088;0.594000000000
6089;0.007600000000
6090;0.000000000000
6091;0.000000000000
6092;0.000000000000
6093;0.000000000000
6094;0.000000000000
6095;0.000000000000
6096;0.000000000000
6097;0.000000000000
6098;0.000000000000
6099;0.000000000000
6100;0.000000000000
6101;0.188800000000
6102;1.460320000000
6103;2.932880000000
6104;2.016000000000
6105;5.307920000000
6106;2.368640000000
6107;4.064480000000
6108;0.530320000000
6109;0.351520000000
6110;0.720480000000
6111;0.782240000000
6112;0.280800000000
6113;0.004400000000
6114;0.000000000000
6115;0.000000000000
6116;0.000000000000
6117;0.000000000000
6118;0.000000000000
6119;0.000000000000
6120;0.000000000000
6121;0.000000000000
6122;0.000000000000
6123;0.000000000000
6124;0.000000000000
6125;0.017840000000
6126;0.134000000000
6127;0.330240000000
6128;0.525120000000
6129;0.695680000000
6130;1.261200000000
6131;2.068400000000
6132;2.183840000000
6133;0.837120000000
6134;0.958720000000
6135;0.806480000000
6136;0.256960000000
6137;0.000000000000
6138;0.000000000000
6139;0.000000000000
6140;0.000000000000
6141;0.000000000000
6142;0.000000000000
6143;0.000000000000
6144;0.000000000000
6145;0.000000000000
6146;0.000000000000
6147;0.000000000000
6148;0.000000000000
6149;0.105520000000
6150;1.222080000000
6151;2.757040000000
6152;3.851520000000
6153;4.541280000000
6154;4.449840000000
6155;1.300160000000
6156;2.044800000000
6157;2.447680000000
6158;1.757280000000
6159;0.829840000000
6160;0.387600000000
6161;0.000000000000
6162;0.000000000000
6163;0.000000000000
6164;0.000000000000
6165;0.000000000000
6166;0.000000000000
6167;0.000000000000
6168;0.000000000000
6169;0.000000000000
6170;0.000000000000
6171;0.000000000000
6172;0.000000000000
6173;0.173200000000
6174;1.167440000000
6175;2.194160000000
6176;4.367440000000
6177;5.551920000000
6178;4.242960000000
6179;0.524240000000
6180;1.442480000000
6181;3.617600000000
6182;0.921280000000
6183;1.892560000000
6184;0.239600000000
6185;0.000000000000
6186;0.000000000000
6187;0.000000000000
6188;0.000000000000
6189;0.000000000000
6190;0.000000000000
6191;0.000000000000
6192;0.000000000000
6193;0.000000000000
6194;0.000000000000
6195;0.000000000000
6196;0.000000000000
6197;0.163360000000
6198;1.499840000000
6199;3.080640000000
6200;4.457760000000
6201;5.227520000000
6202;5.039520000000
6203;3.754560000000
6204;3.741200000000
6205;3.851520000000
6206;3.494880000000
6207;1.881040000000
6208;0.551360000000
6209;0.000000000000
6210;0.000000000000
6211;0.000000000000
6212;0.000000000000
6213;0.000000000000
6214;0.000000000000
6215;0.000000000000
6216;0.000000000000
6217;0.000000000000
6218;0.000000000000
6219;0.000000000000
6220;0.000000000000
6221;0.079200000000
6222;1.398640000000
6223;2.743360000000
6224;3.475200000000
6225;3.792400000000
6226;5.031440000000
6227;4.798000000000
6228;5.627360000000
6229;4.067680000000
6230;2.393120000000
6231;1.065360000000
6232;0.337920000000
6233;0.000000000000
6234;0.000000000000
6235;0.000000000000
6236;0.000000000000
6237;0.000000000000
6238;0.000000000000
6239;0.000000000000
6240;0.000000000000
6241;0.000000000000
6242;0.000000000000
6243;0.000000000000
6244;0.000000000000
6245;0.097360000000
6246;1.104640000000
6247;2.627520000000
6248;3.811520000000
6249;4.967040000000
6250;5.820400000000
6251;5.789840000000
6252;5.416480000000
6253;4.784480000000
6254;3.678720000000
6255;2.137520000000
6256;0.606880000000
6257;0.000000000000
6258;0.000000000000
6259;0.000000000000
6260;0.000000000000
6261;0.000000000000
6262;0.000000000000
6263;0.000000000000
6264;0.000000000000
6265;0.000000000000
6266;0.000000000000
6267;0.000000000000
6268;0.000000000000
6269;0.112400000000
6270;1.315360000000
6271;2.900560000000
6272;4.146560000000
6273;5.010720000000
6274;5.320320000000
6275;5.825440000000
6276;5.523200000000
6277;4.697200000000
6278;3.593600000000
6279;1.991360000000
6280;0.533840000000
6281;0.000000000000
6282;0.000000000000
6283;0.000000000000
6284;0.000000000000
6285;0.000000000000
6286;0.000000000000
6287;0.000000000000
6288;0.000000000000
6289;0.000000000000
6290;0.000000000000
6291;0.000000000000
6292;0.000000000000
6293;0.093920000000
6294;0.738640000000
6295;2.231360000000
6296;4.062800000000
6297;4.551360000000
6298;5.290640000000
6299;5.638320000000
6300;5.305440000000
6301;4.510160000000
6302;3.389120000000
6303;2.031680000000
6304;0.583920000000
6305;0.000000000000
6306;0.000000000000
6307;0.000000000000
6308;0.000000000000
6309;0.000000000000
6310;0.000000000000
6311;0.000000000000
6312;0.000000000000
6313;0.000000000000
6314;0.000000000000
6315;0.000000000000
6316;0.000000000000
6317;0.083040000000
6318;1.076880000000
6319;1.750480000000
6320;2.199920000000
6321;4.802560000000
6322;5.803760000000
6323;4.876640000000
6324;4.340560000000
6325;1.121040000000
6326;0.438720000000
6327;0.744160000000
6328;0.090080000000
6329;0.000000000000
6330;0.000000000000
6331;0.000000000000
6332;0.000000000000
6333;0.000000000000
6334;0.000000000000
6335;0.000000000000
6336;0.000000000000
6337;0.000000000000
6338;0.000000000000
6339;0.000000000000
6340;0.000000000000
6341;0.083760000000
6342;0.710320000000
6343;2.811680000000
6344;2.758160000000
6345;3.317600000000
6346;4.042000000000
6347;0.590400000000
6348;1.959680000000
6349;1.637680000000
6350;1.731680000000
6351;1.654720000000
6352;0.327120000000
6353;0.000000000000
6354;0.000000000000
6355;0.000000000000
6356;0.000000000000
6357;0.000000000000
6358;0.000000000000
6359;0.000000000000
6360;0.000000000000
6361;0.000000000000
6362;0.000000000000
6363;0.000000000000
6364;0.000000000000
6365;0.075120000000
6366;1.248960000000
6367;2.172480000000
6368;2.560480000000
6369;4.485440000000
6370;2.385760000000
6371;2.829920000000
6372;1.288000000000
6373;0.662800000000
6374;0.294320000000
6375;0.144960000000
6376;0.037200000000
6377;0.000000000000
6378;0.000000000000
6379;0.000000000000
6380;0.000000000000
6381;0.000000000000
6382;0.000000000000
6383;0.000000000000
6384;0.000000000000
6385;0.000000000000
6386;0.000000000000
6387;0.000000000000
6388;0.000000000000
6389;0.061920000000
6390;1.157840000000
6391;0.754080000000
6392;3.522880000000
6393;0.906160000000
6394;4.544720000000
6395;5.220480000000
6396;4.872880000000
6397;2.283680000000
6398;3.654560000000
6399;2.114800000000
6400;0.226240000000
6401;0.000000000000
6402;0.000000000000
6403;0.000000000000
6404;0.000000000000
6405;0.000000000000
6406;0.000000000000
6407;0.000000000000
6408;0.000000000000
6409;0.000000000000
6410;0.000000000000
6411;0.000000000000
6412;0.000000000000
6413;0.023280000000
6414;1.465520000000
6415;1.186320000000
6416;1.923600000000
6417;3.673760000000
6418;2.211040000000
6419;0.613920000000
6420;5.639200000000
6421;4.229360000000
6422;3.671040000000
6423;2.216000000000
6424;0.280560000000
6425;0.000000000000
6426;0.000000000000
6427;0.000000000000
6428;0.000000000000
6429;0.000000000000
6430;0.000000000000
6431;0.000000000000
6432;0.000000000000
6433;0.000000000000
6434;0.000000000000
6435;0.000000000000
6436;0.000000000000
6437;0.005440000000
6438;0.644240000000
6439;1.978800000000
6440;0.959280000000
6441;0.799200000000
6442;3.544400000000
6443;4.068080000000
6444;1.778160000000
6445;0.829760000000
6446;0.816080000000
6447;0.300480000000
6448;0.094480000000
6449;0.000000000000
6450;0.000000000000
6451;0.000000000000
6452;0.000000000000
6453;0.000000000000
6454;0.000000000000
6455;0.000000000000
6456;0.000000000000
6457;0.000000000000
6458;0.000000000000
6459;0.000000000000
6460;0.000000000000
6461;0.001680000000
6462;0.206640000000
6463;0.411680000000
6464;0.795280000000
6465;0.475920000000
6466;0.647440000000
6467;1.330880000000
6468;4.572960000000
6469;2.636560000000
6470;3.194960000000
6471;1.751360000000
6472;0.256480000000
6473;0.000000000000
6474;0.000000000000
6475;0.000000000000
6476;0.000000000000
6477;0.000000000000
6478;0.000000000000
6479;0.000000000000
6480;0.000000000000
6481;0.000000000000
6482;0.000000000000
6483;0.000000000000
6484;0.000000000000
6485;0.013280000000
6486;0.468320000000
6487;1.259840000000
6488;2.708720000000
6489;3.286800000000
6490;3.153360000000
6491;4.070720000000
6492;4.101120000000
6493;2.105360000000
6494;1.970880000000
6495;0.855280000000
6496;0.246960000000
6497;0.000000000000
6498;0.000000000000
6499;0.000000000000
6500;0.000000000000
6501;0.000000000000
6502;0.000000000000
6503;0.000000000000
6504;0.000000000000
6505;0.000000000000
6506;0.000000000000
6507;0.000000000000
6508;0.000000000000
6509;0.000000000000
6510;1.387200000000
6511;2.974480000000
6512;4.313280000000
6513;4.288160000000
6514;5.475120000000
6515;4.722880000000
6516;4.043040000000
6517;4.070800000000
6518;3.142560000000
6519;1.270400000000
6520;0.114720000000
6521;0.000000000000
6522;0.000000000000
6523;0.000000000000
6524;0.000000000000
6525;0.000000000000
6526;0.000000000000
6527;0.000000000000
6528;0.000000000000
6529;0.000000000000
6530;0.000000000000
6531;0.000000000000
6532;0.000000000000
6533;0.000000000000
6534;1.292000000000
6535;2.890320000000
6536;4.282720000000
6537;5.202160000000
6538;4.347200000000
6539;4.636240000000
6540;2.801200000000
6541;4.509840000000
6542;1.731840000000
6543;1.652720000000
6544;0.169440000000
6545;0.000000000000
6546;0.000000000000
6547;0.000000000000
6548;0.000000000000
6549;0.000000000000
6550;0.000000000000
6551;0.000000000000
6552;0.000000000000
6553;0.000000000000
6554;0.000000000000
6555;0.000000000000
6556;0.000000000000
6557;0.000000000000
6558;0.450480000000
6559;1.958400000000
6560;1.367840000000
6561;2.846240000000
6562;1.242240000000
6563;4.440720000000
6564;4.459120000000
6565;2.306080000000
6566;1.530560000000
6567;1.000080000000
6568;0.057120000000
6569;0.000000000000
6570;0.000000000000
6571;0.000000000000
6572;0.000000000000
6573;0.000000000000
6574;0.000000000000
6575;0.000000000000
6576;0.000000000000
6577;0.000000000000
6578;0.000000000000
6579;0.000000000000
6580;0.000000000000
6581;0.000000000000
6582;0.147040000000
6583;0.315360000000
6584;2.228880000000
6585;3.855120000000
6586;2.481680000000
6587;3.569280000000
6588;0.886560000000
6589;2.888160000000
6590;1.530240000000
6591;0.658880000000
6592;0.041920000000
6593;0.000000000000
6594;0.000000000000
6595;0.000000000000
6596;0.000000000000
6597;0.000000000000
6598;0.000000000000
6599;0.000000000000
6600;0.000000000000
6601;0.000000000000
6602;0.000000000000
6603;0.000000000000
6604;0.000000000000
6605;0.000000000000
6606;1.378640000000
6607;3.021680000000
6608;3.813760000000
6609;4.918800000000
6610;5.531840000000
6611;2.349200000000
6612;2.782000000000
6613;2.249760000000
6614;2.090720000000
6615;1.015840000000
6616;0.013360000000
6617;0.000000000000
6618;0.000000000000
6619;0.000000000000
6620;0.000000000000
6621;0.000000000000
6622;0.000000000000
6623;0.000000000000
6624;0.000000000000
6625;0.000000000000
6626;0.000000000000
6627;0.000000000000
6628;0.000000000000
6629;0.000000000000
6630;0.775760000000
6631;2.933200000000
6632;4.344960000000
6633;2.302400000000
6634;4.191520000000
6635;2.290880000000
6636;1.568480000000
6637;1.559120000000
6638;0.858080000000
6639;0.731680000000
6640;0.031920000000
6641;0.000000000000
6642;0.000000000000
6643;0.000000000000
6644;0.000000000000
6645;0.000000000000
6646;0.000000000000
6647;0.000000000000
6648;0.000000000000
6649;0.000000000000
6650;0.000000000000
6651;0.000000000000
6652;0.000000000000
6653;0.000000000000
6654;0.042560000000
6655;0.428320000000
6656;1.221280000000
6657;1.106800000000
6658;0.539520000000
6659;0.413600000000
6660;0.301520000000
6661;0.443360000000
6662;0.542080000000
6663;0.568320000000
6664;0.032160000000
6665;0.000000000000
6666;0.000000000000
6667;0.000000000000
6668;0.000000000000
6669;0.000000000000
6670;0.000000000000
6671;0.000000000000
6672;0.000000000000
6673;0.000000000000
6674;0.000000000000
6675;0.000000000000
6676;0.000000000000
6677;0.000000000000
6678;0.485280000000
6679;1.297680000000
6680;1.886240000000
6681;1.775920000000
6682;5.350720000000
6683;1.900080000000
6684;0.317920000000
6685;0.365520000000
6686;0.359920000000
6687;0.937520000000
6688;0.022560000000
6689;0.000000000000
6690;0.000000000000
6691;0.000000000000
6692;0.000000000000
6693;0.000000000000
6694;0.000000000000
6695;0.000000000000
6696;0.000000000000
6697;0.000000000000
6698;0.000000000000
6699;0.000000000000
6700;0.000000000000
6701;0.000000000000
6702;0.165200000000
6703;1.110640000000
6704;0.472400000000
6705;2.068640000000
6706;1.714160000000
6707;2.435600000000
6708;2.786960000000
6709;2.601280000000
6710;1.601920000000
6711;1.314160000000
6712;0.000000000000
6713;0.000000000000
6714;0.000000000000
6715;0.000000000000
6716;0.000000000000
6717;0.000000000000
6718;0.000000000000
6719;0.000000000000
6720;0.000000000000
6721;0.000000000000
6722;0.000000000000
6723;0.000000000000
6724;0.000000000000
6725;0.000000000000
6726;0.210320000000
6727;0.704640000000
6728;0.868480000000
6729;2.071120000000
6730;0.945280000000
6731;0.880880000000
6732;0.808640000000
6733;0.776480000000
6734;0.680800000000
6735;0.578240000000
6736;0.000000000000
6737;0.000000000000
6738;0.000000000000
6739;0.000000000000
6740;0.000000000000
6741;0.000000000000
6742;0.000000000000
6743;0.000000000000
6744;0.000000000000
6745;0.000000000000
6746;0.000000000000
6747;0.000000000000
6748;0.000000000000
6749;0.000000000000
6750;0.394240000000
6751;0.915360000000
6752;1.170000000000
6753;1.096880000000
6754;2.496880000000
6755;0.995840000000
6756;0.953360000000
6757;0.417600000000
6758;0.286480000000
6759;0.400400000000
6760;0.000000000000
6761;0.000000000000
6762;0.000000000000
6763;0.000000000000
6764;0.000000000000
6765;0.000000000000
6766;0.000000000000
6767;0.000000000000
6768;0.000000000000
6769;0.000000000000
6770;0.000000000000
6771;0.000000000000
6772;0.000000000000
6773;0.000000000000
6774;0.409440000000
6775;0.941360000000
6776;1.087680000000
6777;1.059600000000
6778;3.241040000000
6779;2.557120000000
6780;1.569840000000
6781;2.199280000000
6782;2.651920000000
6783;1.482720000000
6784;0.000000000000
6785;0.000000000000
6786;0.000000000000
6787;0.000000000000
6788;0.000000000000
6789;0.000000000000
6790;0.000000000000
6791;0.000000000000
6792;0.000000000000
6793;0.000000000000
6794;0.000000000000
6795;0.000000000000
6796;0.000000000000
6797;0.000000000000
6798;0.114480000000
6799;0.498480000000
6800;0.620880000000
6801;0.515840000000
6802;0.569280000000
6803;2.377920000000
6804;3.874880000000
6805;1.117280000000
6806;0.481840000000
6807;0.095920000000
6808;0.000000000000
6809;0.000000000000
6810;0.000000000000
6811;0.000000000000
6812;0.000000000000
6813;0.000000000000
6814;0.000000000000
6815;0.000000000000
6816;0.000000000000
6817;0.000000000000
6818;0.000000000000
6819;0.000000000000
6820;0.000000000000
6821;0.000000000000
6822;0.329280000000
6823;0.357440000000
6824;0.344960000000
6825;0.393120000000
6826;2.403680000000
6827;0.579600000000
6828;0.332080000000
6829;0.167920000000
6830;0.301840000000
6831;0.301680000000
6832;0.000000000000
6833;0.000000000000
6834;0.000000000000
6835;0.000000000000
6836;0.000000000000
6837;0.000000000000
6838;0.000000000000
6839;0.000000000000
6840;0.000000000000
6841;0.000000000000
6842;0.000000000000
6843;0.000000000000
6844;0.000000000000
6845;0.000000000000
6846;1.130720000000
6847;2.856400000000
6848;4.124240000000
6849;5.453920000000
6850;5.889520000000
6851;5.734560000000
6852;4.471520000000
6853;3.700720000000
6854;3.048640000000
6855;1.456080000000
6856;0.000000000000
6857;0.000000000000
6858;0.000000000000
6859;0.000000000000
6860;0.000000000000
6861;0.000000000000
6862;0.000000000000
6863;0.000000000000
6864;0.000000000000
6865;0.000000000000
6866;0.000000000000
6867;0.000000000000
6868;0.000000000000
6869;0.000000000000
6870;0.914960000000
6871;2.463840000000
6872;4.247040000000
6873;5.371600000000
6874;5.788240000000
6875;5.627360000000
6876;5.309760000000
6877;4.440480000000
6878;3.006080000000
6879;1.349200000000
6880;0.000000000000
6881;0.000000000000
6882;0.000000000000
6883;0.000000000000
6884;0.000000000000
6885;0.000000000000
6886;0.000000000000
6887;0.000000000000
6888;0.000000000000
6889;0.000000000000
6890;0.000000000000
6891;0.000000000000
6892;0.000000000000
6893;0.000000000000
6894;0.976480000000
6895;2.757280000000
6896;4.151920000000
6897;5.350800000000
6898;5.873600000000
6899;5.656960000000
6900;5.240000000000
6901;4.349840000000
6902;2.951200000000
6903;1.317040000000
6904;0.000000000000
6905;0.000000000000
6906;0.000000000000
6907;0.000000000000
6908;0.000000000000
6909;0.000000000000
6910;0.000000000000
6911;0.000000000000
6912;0.000000000000
6913;0.000000000000
6914;0.000000000000
6915;0.000000000000
6916;0.000000000000
6917;0.000000000000
6918;0.221680000000
6919;0.462000000000
6920;0.579840000000
6921;0.728960000000
6922;1.133360000000
6923;0.957200000000
6924;0.965280000000
6925;3.863920000000
6926;1.107600000000
6927;0.298240000000
6928;0.000000000000
6929;0.000000000000
6930;0.000000000000
6931;0.000000000000
6932;0.000000000000
6933;0.000000000000
6934;0.000000000000
6935;0.000000000000
6936;0.000000000000
6937;0.000000000000
6938;0.000000000000
6939;0.000000000000
6940;0.000000000000
6941;0.000000000000
6942;0.447680000000
6943;1.996880000000
6944;3.470320000000
6945;4.537520000000
6946;5.103920000000
6947;4.718240000000
6948;4.231280000000
6949;3.051200000000
6950;1.826000000000
6951;0.749440000000
6952;0.000000000000
6953;0.000000000000
6954;0.000000000000
6955;0.000000000000
6956;0.000000000000
6957;0.000000000000
6958;0.000000000000
6959;0.000000000000
6960;0.000000000000
6961;0.000000000000
6962;0.000000000000
6963;0.000000000000
6964;0.000000000000
6965;0.000000000000
6966;0.758880000000
6967;1.606800000000
6968;1.495360000000
6969;2.408480000000
6970;2.781920000000
6971;0.668160000000
6972;0.467200000000
6973;0.813920000000
6974;0.445040000000
6975;0.023040000000
6976;0.000000000000
6977;0.000000000000
6978;0.000000000000
6979;0.000000000000
6980;0.000000000000
6981;0.000000000000
6982;0.000000000000
6983;0.000000000000
6984;0.000000000000
6985;0.000000000000
6986;0.000000000000
6987;0.000000000000
6988;0.000000000000
6989;0.000000000000
6990;0.907440000000
6991;2.689760000000
6992;4.111280000000
6993;4.847120000000
6994;4.981200000000
6995;3.981440000000
6996;3.680240000000
6997;0.231520000000
6998;0.327840000000
6999;0.517280000000
7000;0.000000000000
7001;0.000000000000
7002;0.000000000000
7003;0.000000000000
7004;0.000000000000
7005;0.000000000000
7006;0.000000000000
7007;0.000000000000
7008;0.000000000000
7009;0.000000000000
7010;0.000000000000
7011;0.000000000000
7012;0.000000000000
7013;0.000000000000
7014;0.670960000000
7015;2.074160000000
7016;2.641760000000
7017;2.576320000000
7018;1.852240000000
7019;2.345360000000
7020;0.446000000000
7021;1.047120000000
7022;0.248000000000
7023;0.150560000000
7024;0.000000000000
7025;0.000000000000
7026;0.000000000000
7027;0.000000000000
7028;0.000000000000
7029;0.000000000000
7030;0.000000000000
7031;0.000000000000
7032;0.000000000000
7033;0.000000000000
7034;0.000000000000
7035;0.000000000000
7036;0.000000000000
7037;0.000000000000
7038;0.749840000000
7039;2.429680000000
7040;1.176880000000
7041;0.564160000000
7042;0.421440000000
7043;0.574400000000
7044;0.334720000000
7045;2.614480000000
7046;1.550480000000
7047;1.008880000000
7048;0.000000000000
7049;0.000000000000
7050;0.000000000000
7051;0.000000000000
7052;0.000000000000
7053;0.000000000000
7054;0.000000000000
7055;0.000000000000
7056;0.000000000000
7057;0.000000000000
7058;0.000000000000
7059;0.000000000000
7060;0.000000000000
7061;0.000000000000
7062;0.603360000000
7063;1.557600000000
7064;1.418480000000
7065;0.786160000000
7066;0.917440000000
7067;0.725600000000
7068;4.909360000000
7069;1.046080000000
7070;1.805920000000
7071;0.951360000000
7072;0.000000000000
7073;0.000000000000
7074;0.000000000000
7075;0.000000000000
7076;0.000000000000
7077;0.000000000000
7078;0.000000000000
7079;0.000000000000
7080;0.000000000000
7081;0.000000000000
7082;0.000000000000
7083;0.000000000000
7084;0.000000000000
7085;0.000000000000
7086;0.337040000000
7087;2.019760000000
7088;3.805360000000
7089;4.984400000000
7090;1.276720000000
7091;1.287280000000
7092;0.759360000000
7093;0.374240000000
7094;0.136960000000
7095;0.377120000000
7096;0.000000000000
7097;0.000000000000
7098;0.000000000000
7099;0.000000000000
7100;0.000000000000
7101;0.000000000000
7102;0.000000000000
7103;0.000000000000
7104;0.000000000000
7105;0.000000000000
7106;0.000000000000
7107;0.000000000000
7108;0.000000000000
7109;0.000000000000
7110;0.450400000000
7111;0.617600000000
7112;0.661120000000
7113;0.650400000000
7114;0.508320000000
7115;0.549920000000
7116;0.665120000000
7117;0.463440000000
7118;0.235200000000
7119;0.127360000000
7120;0.000000000000
7121;0.000000000000
7122;0.000000000000
7123;0.000000000000
7124;0.000000000000
7125;0.000000000000
7126;0.000000000000
7127;0.000000000000
7128;0.000000000000
7129;0.000000000000
7130;0.000000000000
7131;0.000000000000
7132;0.000000000000
7133;0.000000000000
7134;0.091040000000
7135;0.320160000000
7136;0.449120000000
7137;0.430240000000
7138;0.490480000000
7139;0.507920000000
7140;0.428000000000
7141;0.537760000000
7142;1.474240000000
7143;0.427200000000
7144;0.000000000000
7145;0.000000000000
7146;0.000000000000
7147;0.000000000000
7148;0.000000000000
7149;0.000000000000
7150;0.000000000000
7151;0.000000000000
7152;0.000000000000
7153;0.000000000000
7154;0.000000000000
7155;0.000000000000
7156;0.000000000000
7157;0.000000000000
7158;0.033200000000
7159;0.669600000000
7160;0.520640000000
7161;0.499760000000
7162;1.242480000000
7163;2.622160000000
7164;3.116160000000
7165;1.300160000000
7166;0.268560000000
7167;0.108160000000
7168;0.000000000000
7169;0.000000000000
7170;0.000000000000
7171;0.000000000000
7172;0.000000000000
7173;0.000000000000
7174;0.000000000000
7175;0.000000000000
7176;0.000000000000
7177;0.000000000000
7178;0.000000000000
7179;0.000000000000
7180;0.000000000000
7181;0.000000000000
7182;0.043200000000
7183;0.319280000000
7184;0.445440000000
7185;0.294560000000
7186;0.377760000000
7187;0.371120000000
7188;0.263520000000
7189;0.204720000000
7190;0.135600000000
7191;0.094240000000
7192;0.000000000000
7193;0.000000000000
7194;0.000000000000
7195;0.000000000000
7196;0.000000000000
7197;0.000000000000
7198;0.000000000000
7199;0.000000000000
7200;0.000000000000
7201;0.000000000000
7202;0.000000000000
7203;0.000000000000
7204;0.000000000000
7205;0.000000000000
7206;0.033120000000
7207;1.337120000000
7208;2.497600000000
7209;0.641200000000
7210;1.263200000000
7211;0.401520000000
7212;0.576560000000
7213;0.542080000000
7214;1.468960000000
7215;0.330400000000
7216;0.000000000000
7217;0.000000000000
7218;0.000000000000
7219;0.000000000000
7220;0.000000000000
7221;0.000000000000
7222;0.000000000000
7223;0.000000000000
7224;0.000000000000
7225;0.000000000000
7226;0.000000000000
7227;0.000000000000
7228;0.000000000000
7229;0.000000000000
7230;0.023600000000
7231;0.892400000000
7232;0.454400000000
7233;3.157840000000
7234;3.556960000000
7235;4.456000000000
7236;3.703280000000
7237;2.362400000000
7238;2.026000000000
7239;0.439120000000
7240;0.000000000000
7241;0.000000000000
7242;0.000000000000
7243;0.000000000000
7244;0.000000000000
7245;0.000000000000
7246;0.000000000000
7247;0.000000000000
7248;0.000000000000
7249;0.000000000000
7250;0.000000000000
7251;0.000000000000
7252;0.000000000000
7253;0.000000000000
7254;0.009600000000
7255;0.043360000000
7256;0.473360000000
7257;0.337120000000
7258;0.253280000000
7259;0.663840000000
7260;0.282080000000
7261;0.222960000000
7262;0.205520000000
7263;0.032880000000
7264;0.000000000000
7265;0.000000000000
7266;0.000000000000
7267;0.000000000000
7268;0.000000000000
7269;0.000000000000
7270;0.000000000000
7271;0.000000000000
7272;0.000000000000
7273;0.000000000000
7274;0.000000000000
7275;0.000000000000
7276;0.000000000000
7277;0.000000000000
7278;0.000000000000
7279;1.352880000000
7280;1.754240000000
7281;4.638480000000
7282;4.077760000000
7283;2.860560000000
7284;1.055920000000
7285;1.154800000000
7286;0.271680000000
7287;0.023040000000
7288;0.000000000000
7289;0.000000000000
7290;0.000000000000
7291;0.000000000000
7292;0.000000000000
7293;0.000000000000
7294;0.000000000000
7295;0.000000000000
7296;0.000000000000
7297;0.000000000000
7298;0.000000000000
7299;0.000000000000
7300;0.000000000000
7301;0.000000000000
7302;0.000000000000
7303;0.686080000000
7304;1.060480000000
7305;0.280960000000
7306;0.351120000000
7307;0.475440000000
7308;0.650160000000
7309;0.580000000000
7310;0.207920000000
7311;0.001680000000
7312;0.000000000000
7313;0.000000000000
7314;0.000000000000
7315;0.000000000000
7316;0.000000000000
7317;0.000000000000
7318;0.000000000000
7319;0.000000000000
7320;0.000000000000
7321;0.000000000000
7322;0.000000000000
7323;0.000000000000
7324;0.000000000000
7325;0.000000000000
7326;0.000000000000
7327;0.523520000000
7328;0.809840000000
7329;0.695760000000
7330;1.350560000000
7331;2.073280000000
7332;4.459120000000
7333;3.497840000000
7334;1.334400000000
7335;0.012080000000
7336;0.000000000000
7337;0.000000000000
7338;0.000000000000
7339;0.000000000000
7340;0.000000000000
7341;0.000000000000
7342;0.000000000000
7343;0.000000000000
7344;0.000000000000
7345;0.000000000000
7346;0.000000000000
7347;0.000000000000
7348;0.000000000000
7349;0.000000000000
7350;0.000000000000
7351;1.022480000000
7352;3.567760000000
7353;2.630640000000
7354;2.999120000000
7355;3.192720000000
7356;3.205680000000
7357;2.263200000000
7358;1.106640000000
7359;0.000000000000
7360;0.000000000000
7361;0.000000000000
7362;0.000000000000
7363;0.000000000000
7364;0.000000000000
7365;0.000000000000
7366;0.000000000000
7367;0.000000000000
7368;0.000000000000
7369;0.000000000000
7370;0.000000000000
7371;0.000000000000
7372;0.000000000000
7373;0.000000000000
7374;0.000000000000
7375;0.290480000000
7376;0.253120000000
7377;0.329520000000
7378;0.575200000000
7379;0.566800000000
7380;2.769360000000
7381;3.189280000000
7382;2.193360000000
7383;0.000000000000
7384;0.000000000000
7385;0.000000000000
7386;0.000000000000
7387;0.000000000000
7388;0.000000000000
7389;0.000000000000
7390;0.000000000000
7391;0.000000000000
7392;0.000000000000
7393;0.000000000000
7394;0.000000000000
7395;0.000000000000
7396;0.000000000000
7397;0.000000000000
7398;0.000000000000
7399;0.324320000000
7400;2.227520000000
7401;0.454960000000
7402;3.754400000000
7403;0.829360000000
7404;1.594000000000
7405;0.693680000000
7406;0.459200000000
7407;0.000000000000
7408;0.000000000000
7409;0.000000000000
7410;0.000000000000
7411;0.000000000000
7412;0.000000000000
7413;0.000000000000
7414;0.000000000000
7415;0.000000000000
7416;0.000000000000
7417;0.000000000000
7418;0.000000000000
7419;0.000000000000
7420;0.000000000000
7421;0.000000000000
7422;0.000000000000
7423;0.512560000000
7424;0.977680000000
7425;1.023440000000
7426;1.148080000000
7427;0.443280000000
7428;0.169920000000
7429;0.245760000000
7430;0.037680000000
7431;0.000000000000
7432;0.000000000000
7433;0.000000000000
7434;0.000000000000
7435;0.000000000000
7436;0.000000000000
7437;0.000000000000
7438;0.000000000000
7439;0.000000000000
7440;0.000000000000
7441;0.000000000000
7442;0.000000000000
7443;0.000000000000
7444;0.000000000000
7445;0.000000000000
7446;0.000000000000
7447;0.048720000000
7448;0.326000000000
7449;0.307120000000
7450;1.015680000000
7451;1.383520000000
7452;1.327360000000
7453;3.342240000000
7454;1.203760000000
7455;0.000000000000
7456;0.000000000000
7457;0.000000000000
7458;0.000000000000
7459;0.000000000000
7460;0.000000000000
7461;0.000000000000
7462;0.000000000000
7463;0.000000000000
7464;0.000000000000
7465;0.000000000000
7466;0.000000000000
7467;0.000000000000
7468;0.000000000000
7469;0.000000000000
7470;0.000000000000
7471;1.765600000000
7472;3.533120000000
7473;4.518480000000
7474;5.088240000000
7475;5.065200000000
7476;4.511840000000
7477;3.703680000000
7478;1.757920000000
7479;0.000000000000
7480;0.000000000000
7481;0.000000000000
7482;0.000000000000
7483;0.000000000000
7484;0.000000000000
7485;0.000000000000
7486;0.000000000000
7487;0.000000000000
7488;0.000000000000
7489;0.000000000000
7490;0.000000000000
7491;0.000000000000
7492;0.000000000000
7493;0.000000000000
7494;0.000000000000
7495;0.121440000000
7496;0.757200000000
7497;0.962800000000
7498;0.670640000000
7499;1.178400000000
7500;1.397360000000
7501;0.080560000000
7502;0.058880000000
7503;0.000000000000
7504;0.000000000000
7505;0.000000000000
7506;0.000000000000
7507;0.000000000000
7508;0.000000000000
7509;0.000000000000
7510;0.000000000000
7511;0.000000000000
7512;0.000000000000
7513;0.000000000000
7514;0.000000000000
7515;0.000000000000
7516;0.000000000000
7517;0.000000000000
7518;0.000000000000
7519;0.022880000000
7520;1.261600000000
7521;0.112480000000
7522;0.244400000000
7523;0.374240000000
7524;0.374080000000
7525;0.090080000000
7526;0.201360000000
7527;0.000000000000
7528;0.000000000000
7529;0.000000000000
7530;0.000000000000
7531;0.000000000000
7532;0.000000000000
7533;0.000000000000
7534;0.000000000000
7535;0.000000000000
7536;0.000000000000
7537;0.000000000000
7538;0.000000000000
7539;0.000000000000
7540;0.000000000000
7541;0.000000000000
7542;0.000000000000
7543;1.444800000000
7544;2.974960000000
7545;2.406720000000
7546;2.365920000000
7547;3.584000000000
7548;2.284560000000
7549;1.769840000000
7550;0.432960000000
7551;0.000000000000
7552;0.000000000000
7553;0.000000000000
7554;0.000000000000
7555;0.000000000000
7556;0.000000000000
7557;0.000000000000
7558;0.000000000000
7559;0.000000000000
7560;0.000000000000
7561;0.000000000000
7562;0.000000000000
7563;0.000000000000
7564;0.000000000000
7565;0.000000000000
7566;0.000000000000
7567;0.705120000000
7568;2.813600000000
7569;3.095520000000
7570;4.393120000000
7571;3.927360000000
7572;2.412400000000
7573;1.610160000000
7574;0.348000000000
7575;0.000000000000
7576;0.000000000000
7577;0.000000000000
7578;0.000000000000
7579;0.000000000000
7580;0.000000000000
7581;0.000000000000
7582;0.000000000000
7583;0.000000000000
7584;0.000000000000
7585;0.000000000000
7586;0.000000000000
7587;0.000000000000
7588;0.000000000000
7589;0.000000000000
7590;0.000000000000
7591;0.080480000000
7592;0.164960000000
7593;0.216800000000
7594;0.245440000000
7595;0.227200000000
7596;0.215040000000
7597;0.174480000000
7598;0.112240000000
7599;0.000000000000
7600;0.000000000000
7601;0.000000000000
7602;0.000000000000
7603;0.000000000000
7604;0.000000000000
7605;0.000000000000
7606;0.000000000000
7607;0.000000000000
7608;0.000000000000
7609;0.000000000000
7610;0.000000000000
7611;0.000000000000
7612;0.000000000000
7613;0.000000000000
7614;0.000000000000
7615;0.205360000000
7616;0.363040000000
7617;0.371440000000
7618;0.370960000000
7619;0.365120000000
7620;0.258000000000
7621;0.222720000000
7622;0.102240000000
7623;0.000000000000
7624;0.000000000000
7625;0.000000000000
7626;0.000000000000
7627;0.000000000000
7628;0.000000000000
7629;0.000000000000
7630;0.000000000000
7631;0.000000000000
7632;0.000000000000
7633;0.000000000000
7634;0.000000000000
7635;0.000000000000
7636;0.000000000000
7637;0.000000000000
7638;0.000000000000
7639;0.064320000000
7640;0.271200000000
7641;0.300560000000
7642;0.480880000000
7643;0.401280000000
7644;0.216320000000
7645;0.274960000000
7646;0.090640000000
7647;0.000000000000
7648;0.000000000000
7649;0.000000000000
7650;0.000000000000
7651;0.000000000000
7652;0.000000000000
7653;0.000000000000
7654;0.000000000000
7655;0.000000000000
7656;0.000000000000
7657;0.000000000000
7658;0.000000000000
7659;0.000000000000
7660;0.000000000000
7661;0.000000000000
7662;0.000000000000
7663;0.054080000000
7664;0.225360000000
7665;0.178080000000
7666;0.248480000000
7667;0.224480000000
7668;0.367520000000
7669;0.108240000000
7670;0.037920000000
7671;0.000000000000
7672;0.000000000000
7673;0.000000000000
7674;0.000000000000
7675;0.000000000000
7676;0.000000000000
7677;0.000000000000
7678;0.000000000000
7679;0.000000000000
7680;0.000000000000
7681;0.000000000000
7682;0.000000000000
7683;0.000000000000
7684;0.000000000000
7685;0.000000000000
7686;0.000000000000
7687;0.143360000000
7688;0.675760000000
7689;0.295680000000
7690;0.300640000000
7691;0.335680000000
7692;0.252000000000
7693;0.415280000000
7694;0.776480000000
7695;0.000000000000
7696;0.000000000000
7697;0.000000000000
7698;0.000000000000
7699;0.000000000000
7700;0.000000000000
7701;0.000000000000
7702;0.000000000000
7703;0.000000000000
7704;0.000000000000
7705;0.000000000000
7706;0.000000000000
7707;0.000000000000
7708;0.000000000000
7709;0.000000000000
7710;0.000000000000
7711;0.133920000000
7712;0.376080000000
7713;0.196400000000
7714;0.498400000000
7715;0.202080000000
7716;0.255520000000
7717;0.273600000000
7718;0.926080000000
7719;0.000000000000
7720;0.000000000000
7721;0.000000000000
7722;0.000000000000
7723;0.000000000000
7724;0.000000000000
7725;0.000000000000
7726;0.000000000000
7727;0.000000000000
7728;0.000000000000
7729;0.000000000000
7730;0.000000000000
7731;0.000000000000
7732;0.000000000000
7733;0.000000000000
7734;0.000000000000
7735;0.262160000000
7736;0.591680000000
7737;0.892640000000
7738;0.550880000000
7739;0.409520000000
7740;0.233520000000
7741;0.764800000000
7742;0.049360000000
7743;0.000000000000
7744;0.000000000000
7745;0.000000000000
7746;0.000000000000
7747;0.000000000000
7748;0.000000000000
7749;0.000000000000
7750;0.000000000000
7751;0.000000000000
7752;0.000000000000
7753;0.000000000000
7754;0.000000000000
7755;0.000000000000
7756;0.000000000000
7757;0.000000000000
7758;0.000000000000
7759;0.049520000000
7760;0.174160000000
7761;0.174000000000
7762;0.347440000000
7763;0.268720000000
7764;0.203120000000
7765;0.156000000000
7766;0.043920000000
7767;0.000000000000
7768;0.000000000000
7769;0.000000000000
7770;0.000000000000
7771;0.000000000000
7772;0.000000000000
7773;0.000000000000
7774;0.000000000000
7775;0.000000000000
7776;0.000000000000
7777;0.000000000000
7778;0.000000000000
7779;0.000000000000
7780;0.000000000000
7781;0.000000000000
7782;0.000000000000
7783;0.260320000000
7784;0.184960000000
7785;0.225760000000
7786;0.345200000000
7787;0.624560000000
7788;0.592320000000
7789;0.572640000000
7790;0.204800000000
7791;0.000000000000
7792;0.000000000000
7793;0.000000000000
7794;0.000000000000
7795;0.000000000000
7796;0.000000000000
7797;0.000000000000
7798;0.000000000000
7799;0.000000000000
7800;0.000000000000
7801;0.000000000000
7802;0.000000000000
7803;0.000000000000
7804;0.000000000000
7805;0.000000000000
7806;0.000000000000
7807;0.009680000000
7808;0.768720000000
7809;0.261520000000
7810;0.309280000000
7811;0.533680000000
7812;0.411520000000
7813;0.804640000000
7814;0.043520000000
7815;0.000000000000
7816;0.000000000000
7817;0.000000000000
7818;0.000000000000
7819;0.000000000000
7820;0.000000000000
7821;0.000000000000
7822;0.000000000000
7823;0.000000000000
7824;0.000000000000
7825;0.000000000000
7826;0.000000000000
7827;0.000000000000
7828;0.000000000000
7829;0.000000000000
7830;0.000000000000
7831;0.122160000000
7832;1.097520000000
7833;0.856400000000
7834;1.944080000000
7835;1.916800000000
7836;2.055440000000
7837;2.243520000000
7838;0.086960000000
7839;0.000000000000
7840;0.000000000000
7841;0.000000000000
7842;0.000000000000
7843;0.000000000000
7844;0.000000000000
7845;0.000000000000
7846;0.000000000000
7847;0.000000000000
7848;0.000000000000
7849;0.000000000000
7850;0.000000000000
7851;0.000000000000
7852;0.000000000000
7853;0.000000000000
7854;0.000000000000
7855;0.108160000000
7856;0.202560000000
7857;0.243760000000
7858;0.161040000000
7859;0.436400000000
7860;0.248800000000
7861;0.206880000000
7862;0.145760000000
7863;0.000000000000
7864;0.000000000000
7865;0.000000000000
7866;0.000000000000
7867;0.000000000000
7868;0.000000000000
7869;0.000000000000
7870;0.000000000000
7871;0.000000000000
7872;0.000000000000
7873;0.000000000000
7874;0.000000000000
7875;0.000000000000
7876;0.000000000000
7877;0.000000000000
7878;0.000000000000
7879;0.114560000000
7880;0.520720000000
7881;0.741440000000
7882;0.387840000000
7883;0.332720000000
7884;0.260240000000
7885;0.321120000000
7886;0.059120000000
7887;0.000000000000
7888;0.000000000000
7889;0.000000000000
7890;0.000000000000
7891;0.000000000000
7892;0.000000000000
7893;0.000000000000
7894;0.000000000000
7895;0.000000000000
7896;0.000000000000
7897;0.000000000000
7898;0.000000000000
7899;0.000000000000
7900;0.000000000000
7901;0.000000000000
7902;0.000000000000
7903;0.008800000000
7904;0.524720000000
7905;0.364800000000
7906;0.407600000000
7907;0.244240000000
7908;0.440400000000
7909;0.427520000000
7910;0.144640000000
7911;0.000000000000
7912;0.000000000000
7913;0.000000000000
7914;0.000000000000
7915;0.000000000000
7916;0.000000000000
7917;0.000000000000
7918;0.000000000000
7919;0.000000000000
7920;0.000000000000
7921;0.000000000000
7922;0.000000000000
7923;0.000000000000
7924;0.000000000000
7925;0.000000000000
7926;0.000000000000
7927;0.022000000000
7928;1.103840000000
7929;2.556640000000
7930;3.390560000000
7931;3.086960000000
7932;2.881920000000
7933;2.906320000000
7934;0.516240000000
7935;0.000000000000
7936;0.000000000000
7937;0.000000000000
7938;0.000000000000
7939;0.000000000000
7940;0.000000000000
7941;0.000000000000
7942;0.000000000000
7943;0.000000000000
7944;0.000000000000
7945;0.000000000000
7946;0.000000000000
7947;0.000000000000
7948;0.000000000000
7949;0.000000000000
7950;0.000000000000
7951;0.009120000000
7952;0.381280000000
7953;0.671680000000
7954;0.377360000000
7955;0.242400000000
7956;0.158400000000
7957;0.123200000000
7958;0.039520000000
7959;0.000000000000
7960;0.000000000000
7961;0.000000000000
7962;0.000000000000
7963;0.000000000000
7964;0.000000000000
7965;0.000000000000
7966;0.000000000000
7967;0.000000000000
7968;0.000000000000
7969;0.000000000000
7970;0.000000000000
7971;0.000000000000
7972;0.000000000000
7973;0.000000000000
7974;0.000000000000
7975;0.027120000000
7976;2.502240000000
7977;3.778080000000
7978;4.515120000000
7979;4.587680000000
7980;2.923360000000
7981;0.907360000000
7982;0.045280000000
7983;0.000000000000
7984;0.000000000000
7985;0.000000000000
7986;0.000000000000
7987;0.000000000000
7988;0.000000000000
7989;0.000000000000
7990;0.000000000000
7991;0.000000000000
7992;0.000000000000
7993;0.000000000000
7994;0.000000000000
7995;0.000000000000
7996;0.000000000000
7997;0.000000000000
7998;0.000000000000
7999;0.005440000000
8000;0.618560000000
8001;2.507760000000
8002;3.588160000000
8003;4.601040000000
8004;4.098720000000
8005;3.179600000000
8006;0.681280000000
8007;0.000000000000
8008;0.000000000000
8009;0.000000000000
8010;0.000000000000
8011;0.000000000000
8012;0.000000000000
8013;0.000000000000
8014;0.000000000000
8015;0.000000000000
8016;0.000000000000
8017;0.000000000000
8018;0.000000000000
8019;0.000000000000
8020;0.000000000000
8021;0.000000000000
8022;0.000000000000
8023;0.000000000000
8024;0.178560000000
8025;0.374880000000
8026;0.363520000000
8027;0.243120000000
8028;0.669120000000
8029;0.097760000000
8030;0.038320000000
8031;0.000000000000
8032;0.000000000000
8033;0.000000000000
8034;0.000000000000
8035;0.000000000000
8036;0.000000000000
8037;0.000000000000
8038;0.000000000000
8039;0.000000000000
8040;0.000000000000
8041;0.000000000000
8042;0.000000000000
8043;0.000000000000
8044;0.000000000000
8045;0.000000000000
8046;0.000000000000
8047;0.000000000000
8048;1.939520000000
8049;4.059280000000
8050;4.624000000000
8051;4.492320000000
8052;3.890480000000
8053;3.292560000000
8054;0.679920000000
8055;0.000000000000
8056;0.000000000000
8057;0.000000000000
8058;0.000000000000
8059;0.000000000000
8060;0.000000000000
8061;0.000000000000
8062;0.000000000000
8063;0.000000000000
8064;0.000000000000
8065;0.000000000000
8066;0.000000000000
8067;0.000000000000
8068;0.000000000000
8069;0.000000000000
8070;0.000000000000
8071;0.000000000000
8072;2.618720000000
8073;3.187280000000
8074;4.329840000000
8075;4.950480000000
8076;4.221840000000
8077;3.102080000000
8078;0.902640000000
8079;0.000000000000
8080;0.000000000000
8081;0.000000000000
8082;0.000000000000
8083;0.000000000000
8084;0.000000000000
8085;0.000000000000
8086;0.000000000000
8087;0.000000000000
8088;0.000000000000
8089;0.000000000000
8090;0.000000000000
8091;0.000000000000
8092;0.000000000000
8093;0.000000000000
8094;0.000000000000
8095;0.000000000000
8096;0.353680000000
8097;0.912000000000
8098;0.796320000000
8099;0.541920000000
8100;0.416080000000
8101;0.493200000000
8102;0.280640000000
8103;0.000000000000
8104;0.000000000000
8105;0.000000000000
8106;0.000000000000
8107;0.000000000000
8108;0.000000000000
8109;0.000000000000
8110;0.000000000000
8111;0.000000000000
8112;0.000000000000
8113;0.000000000000
8114;0.000000000000
8115;0.000000000000
8116;0.000000000000
8117;0.000000000000
8118;0.000000000000
8119;0.000000000000
8120;1.334720000000
8121;3.147360000000
8122;4.484400000000
8123;4.190720000000
8124;3.684400000000
8125;2.783360000000
8126;0.282560000000
8127;0.000000000000
8128;0.000000000000
8129;0.000000000000
8130;0.000000000000
8131;0.000000000000
8132;0.000000000000
8133;0.000000000000
8134;0.000000000000
8135;0.000000000000
8136;0.000000000000
8137;0.000000000000
8138;0.000000000000
8139;0.000000000000
8140;0.000000000000
8141;0.000000000000
8142;0.000000000000
8143;0.000000000000
8144;0.222160000000
8145;0.342000000000
8146;3.853200000000
8147;2.854400000000
8148;2.668240000000
8149;2.762880000000
8150;0.429600000000
8151;0.000000000000
8152;0.000000000000
8153;0.000000000000
8154;0.000000000000
8155;0.000000000000
8156;0.000000000000
8157;0.000000000000
8158;0.000000000000
8159;0.000000000000
8160;0.000000000000
8161;0.000000000000
8162;0.000000000000
8163;0.000000000000
8164;0.000000000000
8165;0.000000000000
8166;0.000000000000
8167;0.000000000000
8168;0.129280000000
8169;0.817040000000
8170;1.172320000000
8171;0.489680000000
8172;0.295200000000
8173;0.540160000000
8174;0.019120000000
8175;0.000000000000
8176;0.000000000000
8177;0.000000000000
8178;0.000000000000
8179;0.000000000000
8180;0.000000000000
8181;0.000000000000
8182;0.000000000000
8183;0.000000000000
8184;0.000000000000
8185;0.000000000000
8186;0.000000000000
8187;0.000000000000
8188;0.000000000000
8189;0.000000000000
8190;0.000000000000
8191;0.000000000000
8192;0.324880000000
8193;0.243040000000
8194;0.344160000000
8195;0.444240000000
8196;0.159680000000
8197;0.136560000000
8198;0.013760000000
8199;0.000000000000
8200;0.000000000000
8201;0.000000000000
8202;0.000000000000
8203;0.000000000000
8204;0.000000000000
8205;0.000000000000
8206;0.000000000000
8207;0.000000000000
8208;0.000000000000
8209;0.000000000000
8210;0.000000000000
8211;0.000000000000
8212;0.000000000000
8213;0.000000000000
8214;0.000000000000
8215;0.000000000000
8216;0.053920000000
8217;0.260400000000
8218;0.319840000000
8219;0.182960000000
8220;0.153760000000
8221;0.211920000000
8222;0.028000000000
8223;0.000000000000
8224;0.000000000000
8225;0.000000000000
8226;0.000000000000
8227;0.000000000000
8228;0.000000000000
8229;0.000000000000
8230;0.000000000000
8231;0.000000000000
8232;0.000000000000
8233;0.000000000000
8234;0.000000000000
8235;0.000000000000
8236;0.000000000000
8237;0.000000000000
8238;0.000000000000
8239;0.000000000000
8240;0.080160000000
8241;0.313840000000
8242;0.282560000000
8243;0.205920000000
8244;0.277040000000
8245;0.148080000000
8246;0.032960000000
8247;0.000000000000
8248;0.000000000000
8249;0.000000000000
8250;0.000000000000
8251;0.000000000000
8252;0.000000000000
8253;0.000000000000
8254;0.000000000000
8255;0.000000000000
8256;0.000000000000
8257;0.000000000000
8258;0.000000000000
8259;0.000000000000
8260;0.000000000000
8261;0.000000000000
8262;0.000000000000
8263;0.000000000000
8264;0.054000000000
8265;0.059360000000
8266;0.489440000000
8267;0.454160000000
8268;0.914240000000
8269;0.064960000000
8270;0.033360000000
8271;0.000000000000
8272;0.000000000000
8273;0.000000000000
8274;0.000000000000
8275;0.000000000000
8276;0.000000000000
8277;0.000000000000
8278;0.000000000000
8279;0.000000000000
8280;0.000000000000
8281;0.000000000000
8282;0.000000000000
8283;0.000000000000
8284;0.000000000000
8285;0.000000000000
8286;0.000000000000
8287;0.000000000000
8288;1.514640000000
8289;3.645360000000
8290;4.378320000000
8291;4.476800000000
8292;4.160800000000
8293;3.072080000000
8294;0.539440000000
8295;0.000000000000
8296;0.000000000000
8297;0.000000000000
8298;0.000000000000
8299;0.000000000000
8300;0.000000000000
8301;0.000000000000
8302;0.000000000000
8303;0.000000000000
8304;0.000000000000
8305;0.000000000000
8306;0.000000000000
8307;0.000000000000
8308;0.000000000000
8309;0.000000000000
8310;0.000000000000
8311;0.000000000000
8312;0.188160000000
8313;0.729520000000
8314;0.194480000000
8315;0.756800000000
8316;1.523680000000
8317;0.324640000000
8318;0.039360000000
8319;0.000000000000
8320;0.000000000000
8321;0.000000000000
8322;0.000000000000
8323;0.000000000000
8324;0.000000000000
8325;0.000000000000
8326;0.000000000000
8327;0.000000000000
8328;0.000000000000
8329;0.000000000000
8330;0.000000000000
8331;0.000000000000
8332;0.000000000000
8333;0.000000000000
8334;0.000000000000
8335;0.000000000000
8336;0.433360000000
8337;2.512640000000
8338;1.836240000000
8339;1.953600000000
8340;4.004880000000
8341;2.989440000000
8342;0.461840000000
8343;0.000000000000
8344;0.000000000000
8345;0.000000000000
8346;0.000000000000
8347;0.000000000000
8348;0.000000000000
8349;0.000000000000
8350;0.000000000000
8351;0.000000000000
8352;0.000000000000
8353;0.000000000000
8354;0.000000000000
8355;0.000000000000
8356;0.000000000000
8357;0.000000000000
8358;0.000000000000
8359;0.000000000000
8360;0.310880000000
8361;0.515680000000
8362;0.682160000000
8363;0.361120000000
8364;0.269760000000
8365;0.156720000000
8366;0.014320000000
8367;0.000000000000
8368;0.000000000000
8369;0.000000000000
8370;0.000000000000
8371;0.000000000000
8372;0.000000000000
8373;0.000000000000
8374;0.000000000000
8375;0.000000000000
8376;0.000000000000
8377;0.000000000000
8378;0.000000000000
8379;0.000000000000
8380;0.000000000000
8381;0.000000000000
8382;0.000000000000
8383;0.000000000000
8384;0.258720000000
8385;0.557360000000
8386;0.487920000000
8387;0.790960000000
8388;2.258320000000
8389;2.625520000000
8390;0.467280000000
8391;0.000000000000
8392;0.000000000000
8393;0.000000000000
8394;0.000000000000
8395;0.000000000000
8396;0.000000000000
8397;0.000000000000
8398;0.000000000000
8399;0.000000000000
8400;0.000000000000
8401;0.000000000000
8402;0.000000000000
8403;0.000000000000
8404;0.000000000000
8405;0.000000000000
8406;0.000000000000
8407;0.000000000000
8408;0.185360000000
8409;0.274880000000
8410;0.256320000000
8411;0.219840000000
8412;0.183520000000
8413;0.183440000000
8414;0.019520000000
8415;0.000000000000
8416;0.000000000000
8417;0.000000000000
8418;0.000000000000
8419;0.000000000000
8420;0.000000000000
8421;0.000000000000
8422;0.000000000000
8423;0.000000000000
8424;0.000000000000
8425;0.000000000000
8426;0.000000000000
8427;0.000000000000
8428;0.000000000000
8429;0.000000000000
8430;0.000000000000
8431;0.000000000000
8432;0.308400000000
8433;0.388400000000
8434;0.264320000000
8435;0.210320000000
8436;0.461520000000
8437;1.222720000000
8438;0.209200000000
8439;0.000000000000
8440;0.000000000000
8441;0.000000000000
8442;0.000000000000
8443;0.000000000000
8444;0.000000000000
8445;0.000000000000
8446;0.000000000000
8447;0.000000000000
8448;0.000000000000
8449;0.000000000000
8450;0.000000000000
8451;0.000000000000
8452;0.000000000000
8453;0.000000000000
8454;0.000000000000
8455;0.000000000000
8456;0.252480000000
8457;0.216720000000
8458;0.192560000000
8459;0.228000000000
8460;0.330400000000
8461;0.259920000000
8462;0.009840000000
8463;0.000000000000
8464;0.000000000000
8465;0.000000000000
8466;0.000000000000
8467;0.000000000000
8468;0.000000000000
8469;0.000000000000
8470;0.000000000000
8471;0.000000000000
8472;0.000000000000
8473;0.000000000000
8474;0.000000000000
8475;0.000000000000
8476;0.000000000000
8477;0.000000000000
8478;0.000000000000
8479;0.000000000000
8480;0.255360000000
8481;0.331920000000
8482;0.242160000000
8483;0.284480000000
8484;0.193840000000
8485;0.170080000000
8486;0.019280000000
8487;0.000000000000
8488;0.000000000000
8489;0.000000000000
8490;0.000000000000
8491;0.000000000000
8492;0.000000000000
8493;0.000000000000
8494;0.000000000000
8495;0.000000000000
8496;0.000000000000
8497;0.000000000000
8498;0.000000000000
8499;0.000000000000
8500;0.000000000000
8501;0.000000000000
8502;0.000000000000
8503;0.000000000000
8504;0.714080000000
8505;0.543040000000
8506;0.420880000000
8507;0.449840000000
8508;0.464800000000
8509;0.540480000000
8510;0.029200000000
8511;0.000000000000
8512;0.000000000000
8513;0.000000000000
8514;0.000000000000
8515;0.000000000000
8516;0.000000000000
8517;0.000000000000
8518;0.000000000000
8519;0.000000000000
8520;0.000000000000
8521;0.000000000000
8522;0.000000000000
8523;0.000000000000
8524;0.000000000000
8525;0.000000000000
8526;0.000000000000
8527;0.000000000000
8528;0.118320000000
8529;0.386960000000
8530;0.685440000000
8531;0.370080000000
8532;0.187680000000
8533;0.077440000000
8534;0.019280000000
8535;0.000000000000
8536;0.000000000000
8537;0.000000000000
8538;0.000000000000
8539;0.000000000000
8540;0.000000000000
8541;0.000000000000
8542;0.000000000000
8543;0.000000000000
8544;0.000000000000
8545;0.000000000000
8546;0.000000000000
8547;0.000000000000
8548;0.000000000000
8549;0.000000000000
8550;0.000000000000
8551;0.000000000000
8552;0.116720000000
8553;1.412880000000
8554;0.360960000000
8555;1.318320000000
8556;0.251040000000
8557;0.132960000000
8558;0.009760000000
8559;0.000000000000
8560;0.000000000000
8561;0.000000000000
8562;0.000000000000
8563;0.000000000000
8564;0.000000000000
8565;0.000000000000
8566;0.000000000000
8567;0.000000000000
8568;0.000000000000
8569;0.000000000000
8570;0.000000000000
8571;0.000000000000
8572;0.000000000000
8573;0.000000000000
8574;0.000000000000
8575;0.000000000000
8576;0.071200000000
8577;1.760560000000
8578;0.632320000000
8579;0.552480000000
8580;0.883360000000
8581;0.714480000000
8582;0.202000000000
8583;0.000000000000
8584;0.000000000000
8585;0.000000000000
8586;0.000000000000
8587;0.000000000000
8588;0.000000000000
8589;0.000000000000
8590;0.000000000000
8591;0.000000000000
8592;0.000000000000
8593;0.000000000000
8594;0.000000000000
8595;0.000000000000
8596;0.000000000000
8597;0.000000000000
8598;0.000000000000
8599;0.000000000000
8600;0.241360000000
8601;0.308720000000
8602;0.394560000000
8603;0.557360000000
8604;0.279120000000
8605;0.262480000000
8606;0.033280000000
8607;0.000000000000
8608;0.000000000000
8609;0.000000000000
8610;0.000000000000
8611;0.000000000000
8612;0.000000000000
8613;0.000000000000
8614;0.000000000000
8615;0.000000000000
8616;0.000000000000
8617;0.000000000000
8618;0.000000000000
8619;0.000000000000
8620;0.000000000000
8621;0.000000000000
8622;0.000000000000
8623;0.000000000000
8624;0.107920000000
8625;0.310320000000
8626;0.136160000000
8627;0.113520000000
8628;0.142160000000
8629;0.254960000000
8630;0.131680000000
8631;0.000000000000
8632;0.000000000000
8633;0.000000000000
8634;0.000000000000
8635;0.000000000000
8636;0.000000000000
8637;0.000000000000
8638;0.000000000000
8639;0.000000000000
8640;0.000000000000
8641;0.000000000000
8642;0.000000000000
8643;0.000000000000
8644;0.000000000000
8645;0.000000000000
8646;0.000000000000
8647;0.000000000000
8648;0.359920000000
8649;0.669920000000
8650;1.939280000000
8651;2.707280000000
8652;3.944560000000
8653;2.941280000000
8654;0.803360000000
8655;0.000000000000
8656;0.000000000000
8657;0.000000000000
8658;0.000000000000
8659;0.000000000000
8660;0.000000000000
8661;0.000000000000
8662;0.000000000000
8663;0.000000000000
8664;0.000000000000
8665;0.000000000000
8666;0.000000000000
8667;0.000000000000
8668;0.000000000000
8669;0.000000000000
8670;0.000000000000
8671;0.000000000000
8672;1.196480000000
8673;3.541040000000
8674;3.948160000000
8675;4.391040000000
8676;3.542720000000
8677;3.010400000000
8678;1.336480000000
8679;0.000000000000
8680;0.000000000000
8681;0.000000000000
8682;0.000000000000
8683;0.000000000000
8684;0.000000000000
8685;0.000000000000
8686;0.000000000000
8687;0.000000000000
8688;0.000000000000
8689;0.000000000000
8690;0.000000000000
8691;0.000000000000
8692;0.000000000000
8693;0.000000000000
8694;0.000000000000
8695;0.000000000000
8696;0.099680000000
8697;0.198720000000
8698;0.276080000000
8699;0.397120000000
8700;0.275440000000
8701;0.209760000000
8702;0.028800000000
8703;0.000000000000
8704;0.000000000000
8705;0.000000000000
8706;0.000000000000
8707;0.000000000000
8708;0.000000000000
8709;0.000000000000
8710;0.000000000000
8711;0.000000000000
8712;0.000000000000
8713;0.000000000000
8714;0.000000000000
8715;0.000000000000
8716;0.000000000000
8717;0.000000000000
8718;0.000000000000
8719;0.000000000000
8720;1.251600000000
8721;3.284160000000
8722;4.473040000000
8723;4.603200000000
8724;4.300000000000
8725;3.250880000000
8726;0.773520000000
8727;0.000000000000
8728;0.000000000000
8729;0.000000000000
8730;0.000000000000
8731;0.000000000000
8732;0.000000000000
8733;0.000000000000
8734;0.000000000000
8735;0.000000000000
8736;0.000000000000
8737;0.000000000000
8738;0.000000000000
8739;0.000000000000
8740;0.000000000000
8741;0.000000000000
8742;0.000000000000
8743;0.000000000000
8744;1.080640000000
8745;3.342160000000
8746;4.298880000000
8747;4.358800000000
8748;4.237040000000
8749;3.151920000000
8750;0.072000000000
8751;0.000000000000
8752;0.000000000000
8753;0.000000000000
8754;0.000000000000
8755;0.000000000000
8756;0.000000000000
8757;0.000000000000
8758;0.000000000000
8759;0.000000000000
